Country Name,1960,1961,1962,1963,1964,1965,1966,1967,1968,1969,1970,1971,1972,1973,1974,1975,1976,1977,1978,1979,1980,1981,1982,1983,1984,1985,1986,1987,1988,1989,1990,1991,1992,1993,1994,1995,1996,1997,1998,1999,2000,2001,2002,2003,2004,2005,2006,2007,2008,2009,2010,2011,2012,2013,2014,2015,2016,2017,2018,2019,2020
Aruba,,,,,,,,,,,,,,,,,,,,,,,,,,,,,,,,,,,,,,,,,,,,,,,,,,,,,,,,,,,,,
Afghanistan,,,,,,,,,,,,,,,,,,,,,,,,,,,,,,,,,,,,,,,,,,,,,,,,,,,,,,,,,,,,,
Angola,,,,,,,,,,,,,,,,,,,,,,,,,,,,,,,,,,,,,,,,,,,,,,,,,,,,,,,,,,,,,
Albania,,,,,,,,,,,,,,,,,,,,,,,,,,,,,,,,,,,,,,,,,,,,,,,,,,,,,,,,,,,,,
Andorra,,,,,,,,,,,,,,,,,,,,,,,,,,,,,,,,,,,,,,,,,,,,,,,,,,,,,,,,,,,,,
Arab World,,,,,,,,,,,,,,,,,,,,,,,,,,,,,,,,,,,,,,,,,,,,,,,,,,6.43E+11,7.43E+11,6.34E+11,6.65E+11,1.02E+12,1.11E+12,9.69E+11,1.00E+12,1.02E+12,1.08E+12,3.01E+12,
United Arab Emirates,,,,,,,,,,,,,,,,,,,,,,,,,,,,,,,,,,,,,,,,,,,,,,,,1.26E+11,1.07E+11,1.38E+11,1.31E+11,93726650000,1.01E+11,1.95E+11,2.05E+11,1.95E+11,2.14E+11,2.33E+11,2.32E+11,2.47E+11,
Argentina,,,,,,,,,,,,,,,,,,832500000,1795400000,4319860000,3954900000,1396230000,972900000,1386290000,1170700000,2035830000,1590930000,1418130000,2552540000,3197870000,3615300000,18639700000,18623100000,44055310000,36867200000,37783780000,44692350000,59251850000,45332800000,55847580000,45839340000,33384000000,16571000000,34994620000,40593870000,47590300000,51240130000,57070160000,39850360000,45744930000,63909790000,43579790000,34254750000,53104790000,60142040000,56134630000,63601116144,1.09E+11,45986050000,39393540000,
Armenia,,,,,,,,,,,,,,,,,,,,,,,,,,,,,,,,,,,,,,,,,,,,,,,,,,,,,,,,,,,,,
American Samoa,,,,,,,,,,,,,,,,,,,,,,,,,,,,,,,,,,,,,,,,,,,,,,,,,,,,,,,,,,,,,
Antigua and Barbuda,,,,,,,,,,,,,,,,,,,,,,,,,,,,,,,,,,,,,,,,,,,,,,,,,,,,,,,,,,,,,
Australia,,,,,,,,,,,,,,,,,,,,38945170000,59668510000,54379650000,41525790000,54036060000,49939570000,59400110000,1.19E+11,1.54E+11,1.38E+11,1.40E+11,1.08E+11,1.45E+11,1.35E+11,2.04E+11,2.19E+11,2.45E+11,3.12E+11,2.96E+11,3.29E+11,4.28E+11,3.73E+11,3.75E+11,3.80E+11,5.86E+11,7.76E+11,8.04E+11,1.10E+12,1.30E+12,6.84E+11,1.26E+12,1.45E+12,1.20E+12,1.39E+12,1.37E+12,1.29E+12,1.19E+12,1.27E+12,1.51E+12,1.26E+12,1.49E+12,
Austria,,,,,,,,,,,,,,,,1300010000,1500040000,1489940000,17449440000,2080280000,1956010000,1583630000,1509680000,1528150000,1485690000,4601560000,6656370000,7938680000,10030320000,24262550000,26319750000,24231900000,19749700000,26238140000,28819770000,30617340000,31914600000,36820060000,2600180000,33022950000,29935220000,25204350000,33578130000,56522450000,87776270000,1.26E+11,1.93E+11,2.36E+11,76288700000,1.14E+11,1.26E+11,85269520000,1.06E+11,1.18E+11,96790330000,96079380000,1.21E+11,1.51E+11,1.17E+11,1.33E+11,
Azerbaijan,,,,,,,,,,,,,,,,,,,,,,,,,,,,,,,,,,,,,,,3040000,3220000,,,,,,,,,,,,,,,,,,,,,
Burundi,,,,,,,,,,,,,,,,,,,,,,,,,,,,,,,,,,,,,,,,,,,,,,,,,,,,,,,,,,,,,
Belgium,,,,,,,,,,,,,,,,9000100000,9400050000,10291330000,12507160000,13734380000,10033090000,8369180000,8565170000,10779010000,12342040000,20871330000,37336820000,41648090000,58786050000,74876060000,65449090000,71113600000,64104900000,77975730000,84124970000,1.01E+11,1.19E+11,1.37E+11,2.44E+11,1.84E+11,1.82E+11,1.66E+11,1.28E+11,1.74E+11,2.73E+11,2.88E+11,3.96E+11,3.86E+11,1.67E+11,2.60E+11,2.69E+11,2.29E+11,3.00E+11,3.74E+11,3.79E+11,4.15E+11,3.78E+11,4.38E+11,3.21E+11,,
Benin,,,,,,,,,,,,,,,,,,,,,,,,,,,,,,,,,,,,,,,,,,,,,,,,,,,,,,,,,,,,,
Burkina Faso,,,,,,,,,,,,,,,,,,,,,,,,,,,,,,,,,,,,,,,,,,,,,,,,,,,,,,,,,,,,,
Bangladesh,,,,,,,,,,,,,,,,,,,,,,,,,,,,,,,,,,464100000,1019900000,1926220000,7381510000,2770310000,2029540000,1561590000,2192180000,978300000,14892060000,,,3299610000,3850310000,8732760000,11721070000,20928930000,41616870000,47699530000,,,,,70419424536,86178750000,77390500000,,
Bulgaria,,,,,,,,,,,,,,,,,,,,,,,,,,,,,,,,,,12000000,48300000,58140000,5600000,,144320000,102490000,129090000,82200000,721640000,1755120000,2803950000,5085620000,10324970000,21667660000,8880420000,8653170000,7376360000,8253250000,,,,,,,,,
Bahrain,,,,,,,,,,,,,,,,,,,,,,,,,,,,,,,,,,,,,4711490000,7833200000,6769230000,7158840000,6624350000,6599500000,7484060265,9626790000,13540850000,17364820000,21122390000,27088350000,19947350000,16262630000,20059730000,16589950000,,,22067530000,19251070000,19394198865,21706180000,21862700000,26882280000,
"Bahamas, The",,,,,,,,,,,,,,,,,,,,,,,,,,,,,,,,,,,,,,,,,,,,,,,,,,,,,,,,,,,,,
Bosnia and Herzegovina,,,,,,,,,,,,,,,,,,,,,,,,,,,,,,,,,,,,,,,,,,,,,,,,,,,,,,,,,,,,,
Belarus,,,,,,,,,,,,,,,,,,,,,,,,,,,,,,,,,,,,,,,,,,,,,,,,,,,,,,,,,,,,0,
Belize,,,,,,,,,,,,,,,,,,,,,,,,,,,,,,,,,,,,,,,,,,,,,,,,,,,,,,,,,,,,,
Bermuda,,,,,,,,,,,,,,,,,,,,,,,,,,,,,,,,,,,,,,,,,2146000000,2558000000,2153000000,2900700000,1849440000,2124780000,2703530000,2731110000,1912330000,1360190000,1534950000,1232340000,1486900000,1467000000,1601480000,1850000000,2521628651,2874800000,2393200000,2965300000,
Bolivia,,,,,,,,,,,,,,,,,,,,,,,,,,,,,,,,,,,,,,,,,,,,,,,,,,,,,,,,,,,,,
Brazil,,,,,,,,,,,,,,,,,,,,,,,,,,,,,,,,,,,,,,,,,2.26E+11,1.86E+11,1.27E+11,2.35E+11,3.30E+11,4.75E+11,7.10E+11,1.37E+12,5.92E+11,1.34E+12,1.55E+12,1.23E+12,1.23E+12,1.02E+12,8.44E+11,4.91E+11,7.59E+11,9.55E+11,9.17E+11,1.19E+12,
Barbados,,,,,,,,,,,,,,,,,,,,,,,,,,,,,,,,,,326900000,515100000,491620000,765740000,1135000000,1753490000,2036020000,1706530000,1837300000,,,,,,,,,2186550000,4567520000,,,,,3096500000,3350900000,3541580000,3398000000,
Brunei Darussalam,,,,,,,,,,,,,,,,,,,,,,,,,,,,,,,,,,,,,,,,,,,,,,,,,,,,,,,,,,,,,
Bhutan,,,,,,,,,,,,,,,,,,,,,,,,,,,,,,,,,,,,,,,,,,,,,,,,,,,,,,,,,,,,,
Botswana,,,,,,,,,,,,,,,,,,,,,,,,,,,,,,,,,,228600000,265300000,397580000,328380000,613190000,723960000,1051980000,977610000,,,,,,,,,,,,,,,,,,,,
Central African Republic,,,,,,,,,,,,,,,,,,,,,,,,,,,,,,,,,,,,,,,,,,,,,,,,,,,,,,,,,,,,,
Canada,,,,,,,,,,,,,,,,,,1.74E+11,1.80E+11,2.39E+11,2.86E+11,,2.07E+11,2.58E+11,2.47E+11,2.93E+11,3.37E+11,4.06E+11,4.47E+11,5.43E+11,4.59E+11,5.09E+11,4.58E+11,5.96E+11,5.76E+11,6.72E+11,8.80E+11,1.01E+12,1.08E+12,1.45E+12,7.71E+11,6.15E+11,8.89E+11,9.10E+11,1.18E+12,1.48E+12,1.70E+12,2.19E+12,1.03E+12,1.68E+12,2.17E+12,1.91E+12,2.06E+12,2.11E+12,2.10E+12,1.59E+12,1.99E+12,2.37E+12,1.94E+12,,
Central Europe and the Baltics,,,,,,,,,,,,,,,,,,,,,,,,,,,,,,,,,,,,15902090000,26818810000,30419990000,37956660000,46398740000,47798880000,42484340000,69450720000,88903730000,1.63E+11,2.06E+11,3.21E+11,4.85E+11,2.19E+11,2.47E+11,2.79E+11,2.14E+11,,,,,,,,2.41E+11,
Switzerland,,,,,,,,,,,,,,,,16469560000,20899900000,29858100000,38052230000,43569560000,42730940000,38347160000,38745600000,44081170000,40077370000,84104980000,1.29E+11,1.30E+11,1.40E+11,1.71E+11,1.58E+11,1.90E+11,1.94E+11,2.71E+11,2.85E+11,3.98E+11,4.00E+11,5.75E+11,6.89E+11,6.78E+11,7.92E+11,5.27E+11,6.13E+11,7.27E+11,8.29E+11,9.39E+11,1.21E+12,1.27E+12,8.80E+11,1.06E+12,1.23E+12,1.09E+12,1.23E+12,1.54E+12,1.50E+12,1.52E+12,1.40E+12,1.69E+12,1.44E+12,1.83E+12,
Channel Islands,,,,,,,,,,,,,,,,,,,,,,,,,,,,,,,,,,,,,,,159150000,247360000,255080000,454100000,265840000,227350000,184300000,537340000,1479740000,,,,,,,,,,,,,,
Chile,,,,,,,,,,,,,,,,,,,,,,,,,,,,,,,,28138400000,32256800000,44833400000,68050350000,72927720000,65971300000,72046180000,51866170000,68227520000,60400770000,56309720000,49827000000,86525910000,1.17E+11,1.36E+11,1.74E+11,2.13E+11,1.32E+11,2.31E+11,3.42E+11,2.70E+11,3.13E+11,2.65E+11,2.33E+11,1.90E+11,2.12E+11,2.95E+11,2.51E+11,2.04E+11,
China,,,,,,,,,,,,,,,,,,,,,,,,,,,,,,,,,,,,,,,,,,,,5.13E+11,4.48E+11,4.02E+11,1.15E+12,4.48E+12,1.78E+12,3.57E+12,4.03E+12,3.41E+12,3.70E+12,3.95E+12,6.00E+12,8.19E+12,7.32E+12,8.71E+12,6.32E+12,8.52E+12,
Cote d'Ivoire,,,,,,,,,,,,,,,,,,,,,,,,,,,,,,,,,,,,,,,,,,,,,,,,,,,,,,,,,,,,,
Cameroon,,,,,,,,,,,,,,,,,,,,,,,,,,,,,,,,,,,,,,,,,,,,,,,,,,,,,,,,,,,,,
"Congo, Dem. Rep.",,,,,,,,,,,,,,,,,,,,,,,,,,,,,,,,,,,,,,,,,,,,,,,,,,,,,,,,,,,,,
"Congo, Rep.",,,,,,,,,,,,,,,,,,,,,,,,,,,,,,,,,,,,,,,,,,,,,,,,,,,,,,,,,,,,,
Colombia,,,,,,,,,,,,,,,,,,,,,,,,,,,,,,,,,,,,,,,,,,,,,,50500810000,56204320000,1.02E+11,87716200000,1.41E+11,2.09E+11,2.01E+11,2.62E+11,2.03E+11,1.47E+11,85955450000,1.04E+11,1.21E+11,1.04E+11,1.32E+11,
Comoros,,,,,,,,,,,,,,,,,,,,,,,,,,,,,,,,,,,,,,,,,,,,,,,,,,,,,,,,,,,,,
Cabo Verde,,,,,,,,,,,,,,,,,,,,,,,,,,,,,,,,,,,,,,,,,,,,,,,,,,,,,,,,,,,,,
Costa Rica,,,,,,,,,,,,,,,,,,,,,,,,,,,,,,,,,,357000000,,616860000,782610000,822490000,1308290000,2308350000,,,,520490000,1558300000,1510240000,1879810000,2181820000,1905330000,1468480000,1444920000,1498420000,,,,,2921600000,3010800000,,2217350000,
Caribbean small states,,,,,,,,,,,,,,,,,,,,,,,,,,,,,,,,,,,,,,,,,,,,,,,,,,,,,,,,,,,,,
Cuba,,,,,,,,,,,,,,,,,,,,,,,,,,,,,,,,,,,,,,,,,,,,,,,,,,,,,,,,,,,,,
Curacao,,,,,,,,,,,,,,,,,,,,,,,,,,,,,,,,,,,,,,,,,,,,,,,,,,,,,,,,,,,,,
Cayman Islands,,,,,,,,,,,,,,,,,,,,,,,,,,,,,,,,,,,,,,169940000,166120000,58000000,220160000,189090000,138990000,2752110000,2476990000,1810120000,158000000,165000000,159000000,169000000,238000000,2275900000,2006310000,,,315630000,,,,,
Cyprus,,,,,,,,,,,,,,,,,,,,,,,,,,,,,,,,,,,,,,,,,,,,,,,16158020000,17251300000,7987930000,10268870000,6834300000,2853320000,1995750000,2104730000,4031000000,2692400000,2511333006,2822392823,3313490000,4284870000,
Czech Republic,,,,,,,,,,,,,,,,,,,,,,,,,,,,,,,,,,1740800000,6084100000,9185670000,14248100000,10817110000,10430790000,10582930000,9746160000,8150100000,10256370000,15507730000,26891360000,34886410000,44372130000,68913190000,40912350000,,,,,,,,,,,,
Germany,,,,,,,,,,,,,,,,51400310000,53399790000,65101130000,83691660000,79399940000,71715670000,62583380000,68953080000,82869520000,78368170000,1.78E+11,2.58E+11,2.18E+11,2.51E+11,3.65E+11,3.55E+11,3.71E+11,3.29E+11,4.42E+11,4.99E+11,5.77E+11,6.65E+11,8.25E+11,1.09E+12,1.43E+12,1.27E+12,1.07E+12,6.86E+11,1.08E+12,1.19E+12,1.20E+12,1.64E+12,2.11E+12,1.11E+12,1.29E+12,1.43E+12,1.18E+12,1.49E+12,1.94E+12,1.74E+12,1.72E+12,1.72E+12,2.26E+12,1.76E+12,2.10E+12,
Djibouti,,,,,,,,,,,,,,,,,,,,,,,,,,,,,,,,,,,,,,,,,,,,,,,,,,,,,,,,,,,,,
Dominica,,,,,,,,,,,,,,,,,,,,,,,,,,,,,,,,,,,,,,,,,,,,,,,,,,,,,,,,,,,,,
Denmark,,,,,,,,,,,,,,,,4099990000,4800040000,4779990000,5134510000,5189730000,5543090000,6172560000,5545320000,10557000000,7588100000,15096330000,17361760000,20340330000,26883910000,40223970000,39062500000,44792500000,32488700000,39933390000,47003330000,56221940000,71079200000,93772820000,98875480000,97452590000,1.12E+11,85145500000,76749870000,1.22E+11,1.51E+11,,,,,,,,,,,,,,,,
Dominican Republic,,,,,,,,,,,,,,,,,,,,,,,,,,,,,,,,,,,,,,,,,,,,,,,,,,,,,,,,,,,,,
Algeria,,,,,,,,,,,,,,,,,,,,,,,,,,,,,,,,,,,,,,,,276638442.6,285296007.1,189155431.3,137851622,142674569.8,139092209.9,141728184.4,94296932.75,96663319.86,91314450.44,90058008.36,105412463,196798215.7,166815679.1,176833871.5,168288844.9,144019727,414179630.9,353143988.8,371418617.8,,
East Asia & Pacific (excluding high income),,,,,,,,,,,,,,,,,,,,,,,,,,,,,,,,,,,,,,,,,,,,8.74E+11,8.50E+11,8.34E+11,1.74E+12,5.33E+12,2.25E+12,4.39E+12,5.28E+12,4.67E+12,5.25E+12,5.41E+12,7.63E+12,9.57E+12,8.85E+12,1.07E+13,8.10E+12,1.04E+13,
Early-demographic dividend,,,,,,,,,,,,,,,,,,,,,,,,,,,,,,,,,,,,,6.92E+11,6.90E+11,4.93E+11,8.21E+11,6.31E+11,4.97E+11,4.93E+11,9.90E+11,1.46E+12,1.94E+12,2.72E+12,4.36E+12,2.07E+12,3.90E+12,4.91E+12,3.89E+12,4.58E+12,4.68E+12,5.03E+12,4.49E+12,4.89E+12,6.22E+12,5.38E+12,7.86E+12,
East Asia & Pacific,,,,,,,,,,,,,,,,,,,47128750000,3.69E+11,5.06E+11,5.66E+11,5.11E+11,6.62E+11,7.56E+11,1.09E+12,2.02E+12,3.02E+12,4.16E+12,4.97E+12,3.44E+12,3.65E+12,2.98E+12,4.33E+12,4.99E+12,5.06E+12,4.96E+12,3.44E+12,3.79E+12,6.70E+12,4.94E+12,4.00E+12,3.80E+12,6.05E+12,7.21E+12,8.80E+12,1.11E+13,1.60E+13,8.51E+12,1.33E+13,1.59E+13,1.38E+13,1.57E+13,1.74E+13,1.95E+13,2.16E+13,2.12E+13,2.66E+13,2.17E+13,2.38E+13,
Europe & Central Asia (excluding high income),,,,,,,,,,,,,,,,,,,,,,,,,,,,,,,,,,,,,,,,,,,,,,,,,,1.04E+12,1.33E+12,1.04E+12,1.17E+12,9.93E+11,6.29E+11,6.17E+11,8.34E+11,9.02E+11,7.67E+11,,
Europe & Central Asia,,,,,,,,,,,,,,,,2.58E+11,2.35E+11,2.86E+11,3.87E+11,2.89E+11,2.83E+11,4.05E+11,4.12E+11,4.99E+11,5.51E+11,8.71E+11,1.30E+12,1.54E+12,1.78E+12,2.30E+12,2.20E+12,2.52E+12,2.34E+12,2.99E+12,3.19E+12,3.82E+12,4.67E+12,5.79E+12,7.14E+12,9.86E+12,9.31E+12,7.52E+12,6.38E+12,8.77E+12,1.01E+13,1.07E+13,1.42E+13,1.63E+13,8.24E+12,8.56E+12,9.01E+12,7.51E+12,8.49E+12,1.01E+13,8.96E+12,,8.82E+12,1.11E+13,,,
Ecuador,,,,,,,,,,,,,,,,,,,,,,,,,,,,,,,,,,,,2565600000,2010100000,2021300000,1556000000,522000000,747000000,,,,,,,,,,,,,,,,,,,,
"Egypt, Arab Rep.",,,,,,,,,,,,,,,,,,,,,,,,,,,,,,,,,,,,,,,,,,,,,,,93496400000,1.39E+11,85978070000,91207340000,84276830000,48849670000,59181970000,61629650000,70083650000,55191870000,33323010781,46546100000,42005550000,44199850000,
Euro area,,,,,,,,,,,,,,,,1.49E+11,1.37E+11,1.28E+11,2.05E+11,2.00E+11,1.86E+11,1.51E+11,1.50E+11,1.84E+11,1.84E+11,3.71E+11,6.06E+11,6.23E+11,7.88E+11,1.13E+12,1.03E+12,1.18E+12,1.06E+12,1.36E+12,1.53E+12,1.78E+12,2.14E+12,2.63E+12,3.66E+12,5.53E+12,5.32E+12,4.36E+12,3.50E+12,4.96E+12,5.94E+12,6.12E+12,8.37E+12,1.01E+13,4.99E+12,6.01E+12,5.90E+12,4.97E+12,5.65E+12,7.09E+12,6.41E+12,6.12E+12,6.17E+12,7.94E+12,5.56E+12,,
Eritrea,,,,,,,,,,,,,,,,,,,,,,,,,,,,,,,,,,,,,,,,,,,,,,,,,,,,,,,,,,,,,
Spain,,,,,,,,,,,,,,,,33199890000,24000000000,,17940860000,17389180000,16564790000,16677890000,11168140000,10860470000,13232270000,19509170000,48926060000,71090260000,90903980000,1.23E+11,1.11E+11,1.48E+11,1.16E+11,1.19E+11,1.55E+11,1.91E+11,2.41E+11,2.90E+11,4.02E+11,4.31E+11,5.04E+11,4.68E+11,4.62E+11,7.26E+11,9.41E+11,9.60E+11,1.32E+12,1.80E+12,9.48E+11,1.43E+12,1.17E+12,1.03E+12,9.95E+11,1.12E+12,9.93E+11,7.87E+11,7.05E+11,8.89E+11,7.24E+11,7.97E+11,
Estonia,,,,,,,,,,,,,,,,,,,,,,,,,,,,,,,,,,,,,,,,,,,,,,,,,,,,,,,,,,,,,
Ethiopia,,,,,,,,,,,,,,,,,,,,,,,,,,,,,,,,,,,,,,,,,,,,,,,,,,,,,,,,,,,,,
European Union,,,,,,,,,,,,,,,,1.56E+11,1.44E+11,1.41E+11,2.20E+11,2.16E+11,2.04E+11,1.74E+11,1.74E+11,2.24E+11,2.17E+11,4.23E+11,6.87E+11,7.14E+11,9.14E+11,1.29E+12,1.16E+12,1.32E+12,1.17E+12,1.50E+12,1.70E+12,2.02E+12,2.47E+12,3.02E+12,4.07E+12,6.04E+12,5.80E+12,4.72E+12,3.81E+12,5.45E+12,6.24E+12,6.31E+12,8.67E+12,1.05E+13,5.19E+12,6.24E+12,6.17E+12,5.17E+12,5.85E+12,7.34E+12,6.62E+12,6.29E+12,6.35E+12,8.20E+12,5.77E+12,,
Fragile and conflict affected situations,,,,,,,,,,,,,,,,,,,,,,,,,,,,,,,,,,,,,,,,,,,,,,,,,,,,,,,,,,,,,
Finland,,,,,,,,,,,,,,,,,,,,,,,2759400000,4133730000,,5854860000,11691930000,19985100000,30549200000,30789380000,22721300000,14199400000,11953800000,23524610000,38230500000,44137530000,61356300000,73804290000,1.55E+11,3.49E+11,2.94E+11,1.90E+11,1.39E+11,1.70E+11,1.84E+11,,,,,,,,,,,,,,,,
Fiji,,,,,,,,,,,,,,,,,,,,,,,,,,,,,,,,,,,,,,,,,,,,,,,,,,,,,,,,,,,,,
France,,,,,,,,,,,,,,,,35299950000,27399770000,27928580000,45382360000,55254080000,54616100000,38127490000,29645950000,38139680000,41058210000,79096030000,1.54E+11,1.56E+11,2.23E+11,3.38E+11,3.12E+11,3.58E+11,3.27E+11,4.56E+11,4.53E+11,5.00E+11,5.86E+11,6.74E+11,9.85E+11,1.50E+12,1.45E+12,1.17E+12,9.67E+11,1.36E+12,1.56E+12,1.76E+12,2.43E+12,2.74E+12,1.47E+12,1.95E+12,1.91E+12,1.55E+12,1.81E+12,2.30E+12,2.09E+12,2.09E+12,2.16E+12,2.75E+12,2.37E+12,,
Faroe Islands,,,,,,,,,,,,,,,,,,,,,,,,,,,,,,,,,,,,,,,,,,,,,,,,,,,,,,,,,,,,,
"Micronesia, Fed. Sts.",,,,,,,,,,,,,,,,,,,,,,,,,,,,,,,,,,,,,,,,,,,,,,,,,,,,,,,,,,,,,
Gabon,,,,,,,,,,,,,,,,,,,,,,,,,,,,,,,,,,,,,,,,,,,,,,,,,,,,,,,,,,,,,
United Kingdom,,,,,,,,,,,,,,,,85803890000,69696610000,1.15E+11,1.29E+11,30095770000,35975710000,1.90E+11,1.96E+11,2.26E+11,2.36E+11,3.53E+11,4.73E+11,6.80E+11,7.12E+11,8.14E+11,8.50E+11,9.90E+11,9.55E+11,1.15E+12,1.14E+12,1.33E+12,1.71E+12,2.07E+12,2.30E+12,2.95E+12,2.58E+12,2.15E+12,1.86E+12,2.43E+12,2.82E+12,3.06E+12,3.78E+12,3.85E+12,1.87E+12,,,,,,,,,,,,
Georgia,,,,,,,,,,,,,,,,,,,,,,,,,,,,,,,,,,,,,,,,,,,,,,,,,,,,,,,,,,,,,
Ghana,,,,,,,,,,,,,,,,,,,,,,,,,,,,,,,,,,122100000,1899400000,1668300000,1658590000,1129550000,1387010000,920000000,500000000,280000000,350000000,640000000,480000000,610000000,760000000,2401290000,2844380000,2427020000,2947690000,3098510000,,,,,,,,,
Gibraltar,,,,,,,,,,,,,,,,,,,,,,,,,,,,,,,,,,,,,,,,,,,,,,,,,,,,,,,,,,,,,
Guinea,,,,,,,,,,,,,,,,,,,,,,,,,,,,,,,,,,,,,,,,,,,,,,,,,,,,,,,,,,,,,
"Gambia, The",,,,,,,,,,,,,,,,,,,,,,,,,,,,,,,,,,,,,,,,,,,,,,,,,,,,,,,,,,,,,
Guinea-Bissau,,,,,,,,,,,,,,,,,,,,,,,,,,,,,,,,,,,,,,,,,,,,,,,,,,,,,,,,,,,,,
Equatorial Guinea,,,,,,,,,,,,,,,,,,,,,,,,,,,,,,,,,,,,,,,,,,,,,,,,,,,,,,,,,,,,,
Greece,,,,,,,,,,,,,,,,,,,,,,,,,,,,,,,,,,,,,,,,,,84752030000,67061460000,1.07E+11,1.25E+11,1.45E+11,2.01E+11,2.65E+11,90200000000,1.13E+11,67586420000,33778890000,44876550000,82594240000,55154270000,42079580000,37163048981,50605060000,38370850000,53653980000,
Grenada,,,,,,,,,,,,,,,,,,,,,,,,,,,,,,,,,,,,,,,,,,,,,,,,,,,,,,,,,,,,,
Greenland,,,,,,,,,,,,,,,,,,,,,,,,,,,,,,,,,,,,,,,,,,,,,,,,,,,,,,,,,,,,,
Guatemala,,,,,,,,,,,,,,,,,,,,,,,,,,,,,,,,,,,,,,,,,,,,,,,,,,,,,,,,,,,,,
Guam,,,,,,,,,,,,,,,,,,,,,,,,,,,,,,,,,,,,,,,,,,,,,,,,,,,,,,,,,,,,,
Guyana,,,,,,,,,,,,,,,,,,,,,,,,,,,,,,,,,,,,,,,,,,,,,,,,,,,,,,,,,,,,,
High income,,,,,,,,,,,,,,,,,,,,,2.44E+12,2.23E+12,2.59E+12,3.21E+12,3.14E+12,4.54E+12,6.19E+12,7.49E+12,9.15E+12,1.11E+13,9.13E+12,1.08E+13,1.02E+13,1.29E+13,1.37E+13,1.62E+13,1.85E+13,2.09E+13,2.49E+13,3.25E+13,3.00E+13,2.60E+13,2.20E+13,2.93E+13,3.42E+13,3.74E+13,4.50E+13,4.95E+13,2.74E+13,3.42E+13,3.89E+13,3.41E+13,3.95E+13,4.86E+13,5.00E+13,4.80E+13,5.10E+13,6.20E+13,5.49E+13,,
"Hong Kong SAR, China",,,,,,,,,,,,,,,,8100040000,11700010000,10528310000,12930600000,22220560000,39013300000,38980940000,21687340000,19558170000,23617550000,34593530000,53843770000,54073720000,74407440000,77565440000,83385870000,1.22E+11,1.72E+11,3.85E+11,2.70E+11,3.04E+11,4.49E+11,4.13E+11,3.44E+11,6.08E+11,6.23E+11,5.06E+11,4.63E+11,7.15E+11,8.61E+11,1.06E+12,1.71E+12,2.65E+12,1.33E+12,2.31E+12,2.71E+12,2.26E+12,2.83E+12,3.10E+12,3.23E+12,3.18E+12,3.19E+12,4.35E+12,3.82E+12,4.90E+12,
Honduras,,,,,,,,,,,,,,,,,,,,,,,,,,,,,,,,,,,,,,,,,,,,,,,,,,,,,,,,,,,,,
Heavily indebted poor countries (HIPC),,,,,,,,,,,,,,,,,,,,,,,,,,,,,,,,,,,,,,,,,,,,,,,,,,,,,,,,,,,,,
Croatia,,,,,,,,,,,,,,,,,,,,,,,,,,,,,,,,,,,513900000,892170000,2981670000,4232900000,2928580000,2508850000,2744640000,3127500000,8109770000,6125730000,10958640000,12918190000,29005630000,70222950000,27126480000,26618990000,25596130000,22558380000,,21484740000,20036880000,18414470000,20180810000,22764800000,20508990000,22458260000,
Haiti,,,,,,,,,,,,,,,,,,,,,,,,,,,,,,,,,,,,,,,,,,,,,,,,,,,,,,,,,,,,,
Hungary,,,,,,,,,,,,,,,,,,,,,,,,,,,,,,,,,,,,,,,,,,,12988880000,16662910000,28597850000,32575670000,41934490000,46195630000,18465410000,30036630000,27708410000,18772970000,20760180000,19797410000,14513280000,17686950000,22553356584,31553860000,28934570000,32886530000,
IBRD only,,,,,,,,,,,,,,,,,,,,,,,,,,,,,,,,,,,,,,,,,,,,2.06E+12,2.61E+12,3.27E+12,5.23E+12,1.11E+13,4.99E+12,1.01E+13,1.24E+13,1.02E+13,1.15E+13,1.14E+13,1.31E+13,1.42E+13,1.42E+13,1.77E+13,1.41E+13,1.67E+13,
IDA & IBRD total,,,,,,,,,,,,,,,,,,,,,,,,,,,,,,,,,,,,,,,,,,,,2.09E+12,2.69E+12,3.35E+12,5.34E+12,1.13E+13,5.10E+12,1.02E+13,1.26E+13,1.04E+13,1.16E+13,1.15E+13,1.33E+13,1.43E+13,1.44E+13,1.78E+13,1.42E+13,1.68E+13,
IDA total,,,,,,,,,,,,,,,,,,,,,,,,,,,,,,,,,,,,,,,,,,,,,,,,,,,,,,,,,,,,,
IDA blend,,,,,,,,,,,,,,,,,,,,,,,,,,,,,,,,,,17295200000,20636900000,21384020000,29807040000,28106550000,18784940000,12408070000,,,13973810000,,69177570000,80083680000,96859380000,1.81E+11,93452100000,92591320000,1.14E+11,94391380000,99878750000,1.38E+11,1.36E+11,1.16E+11,1.22E+11,,,,
Indonesia,,,,,,,,,,,,,,,,,,,,,,,,,,,,,,,,,,,,66584940000,90997080000,29050020000,22077860000,64044670000,26812500000,22997860000,30066960000,54659060000,73250640000,81428120000,1.39E+11,2.12E+11,98760600000,2.15E+11,3.60E+11,3.90E+11,4.28E+11,3.47E+11,4.22E+11,3.53E+11,4.26E+11,5.21E+11,4.87E+11,5.23E+11,
IDA only,,,,,,,,,,,,,,,,,,,,,,,,,,,,,,,,,,,,,,,,,,,,,,,,,,,,,,,,,,,,,
Isle of Man,,,,,,,,,,,,,,,,,,,,,,,,,,,,,,,,,,,,,,,,,,,,,,,,,,,,,,,,,,,,,
India,,,,,,,,,,,,,,,,,,,,,,,,,,,,,,,,,,,,,,,,,,,,2.79E+11,3.88E+11,5.53E+11,8.19E+11,1.82E+12,6.47E+11,1.31E+12,1.63E+12,1.01E+12,1.26E+12,1.14E+12,1.56E+12,1.52E+12,1.57E+12,2.33E+12,2.08E+12,2.18E+12,
Not classified,,,,,,,,,,,,,,,,,,,,,,,,,,,,,,,,,,,,,,,,,,,,,,,,,,,,,,,,,,,,,
Ireland,,,,,,,,,,,,,,,,,,,,,,,,,,,,,,,,,,,,,,48902510000,69676460000,68773180000,81882450000,75297840000,59937500000,85070380000,1.14E+11,1.14E+11,1.63E+11,1.44E+11,49489910000,61291120000,60368310000,1.08E+11,1.09E+11,1.70E+11,1.43E+11,1.28E+11,1.20E+11,1.47E+11,1.10E+11,,
"Iran, Islamic Rep.",,,,,,,,,,,,,,,,1900010000,3100000000,3814710000,5001760000,,,,,,,,,,,,,,,1286800000,2803000000,9161700000,17024440000,15181250000,14903260000,21827030000,26685660000,7381240000,11760560000,27544170000,42600420000,36440220000,36314580000,43885010000,48712710000,59183540000,86641520000,1.07E+11,90995750000,3.46E+11,1.17E+11,89428040000,1.11E+11,1.09E+11,1.44E+11,3.21E+11,
Iraq,,,,,,,,,,,,,,,,,,,,,,,,,,,,,,,,,,,,,,,,,,,,,,,,,,,,,,,,,,,,,
Iceland,,,,,,,,,,,,,,,,,,,,,,,,,,,,,,,,,,,,,,,,,,,,,,,,,,,,,,,,,,,,,
Israel,,,,,,,,,,,,,,,,,,,,2539520000,4808410000,6970150000,15917340000,5096240000,6120110000,7630000000,9884280000,12109710000,5420180000,8228730000,8273930000,14295000000,29698100000,50840710000,32732480000,36508720000,35770280000,46328090000,40883390000,65261070000,66742920000,57655940000,42131470000,70169060000,91856250000,1.23E+11,1.62E+11,2.35E+11,1.08E+11,1.89E+11,2.28E+11,1.57E+11,1.62E+11,2.03E+11,2.01E+11,2.44E+11,2.14E+11,2.31E+11,1.87E+11,2.37E+11,
Italy,,,,,,,,,,,,,,,,,,,,,,,,,,,,,,,,,,,,,,,,7.28E+11,7.68E+11,5.27E+11,4.77E+11,6.15E+11,7.90E+11,7.98E+11,1.03E+12,1.07E+12,5.22E+11,,,,,,,,,,,,
Jamaica,,,,,,,,,,,,,,,,,,,,,,,,,,,,,,,,,,1471700000,1817100000,1390570000,1944590000,2291210000,2133300000,2525300000,3550680000,4718500000,6037030000,,,,,,,,3884350000,5008860000,,,,,,,,15767450000,
Jordan,,,,,,,,,,,,,,,,,,,,,,,,,,,,,,,,,,,,,,,,,,,,,,,,40838460000,35894700000,31826650000,30864420000,27183020000,26967480000,25764430000,25554860000,25452410000,24573951247,23968560000,22740040000,21036390000,
Japan,,,,,,,,,,,,,,,,1.42E+11,1.81E+11,21530430000,34198150000,2.89E+11,3.79E+11,4.18E+11,4.17E+11,5.46E+11,6.44E+11,9.48E+11,1.78E+12,2.73E+12,3.79E+12,4.26E+12,2.93E+12,3.01E+12,2.25E+12,2.91E+12,3.59E+12,3.55E+12,3.02E+12,2.09E+12,2.44E+12,4.46E+12,3.16E+12,2.26E+12,2.07E+12,2.95E+12,3.56E+12,4.57E+12,4.61E+12,4.33E+12,3.12E+12,3.31E+12,3.83E+12,3.33E+12,3.48E+12,4.54E+12,4.38E+12,4.89E+12,4.96E+12,6.22E+12,5.30E+12,6.19E+12,
Kazakhstan,,,,,,,,,,,,,,,,,,,,,,,,,,,,,,,,,,,,,,,1693670000,1011750000,802020000,1222740000,1289440000,2425900000,3941880000,10528660000,43688350000,41377500000,23271810000,27929370000,26672730000,22537310000,23542600000,26228210000,22973440000,34891880000,40161214777,45558250000,37005250000,40639830000,
Kenya,,,,,,,,,,,,,,,,,,,,,,,,,,,,,,,,,,1063100000,3046700000,2017510000,1799020000,1813020000,2088570000,,1255390000,1045300000,1431290000,4182760000,3890970000,6383990000,11378040000,13344620000,10854100000,10966800000,14460870000,10202610000,,,,,,,,25061520000,
Kyrgyz Republic,,,,,,,,,,,,,,,,,,,,,,,,,,,,,,,,,,,,,,,,,,,,,,,,,,,,,,,,,,,,,
Cambodia,,,,,,,,,,,,,,,,,,,,,,,,,,,,,,,,,,,,,,,,,,,,,,,,,,,,,,,,,,,,,
Kiribati,,,,,,,,,,,,,,,,,,,,,,,,,,,,,,,,,,,,,,,,,,,,,,,,,,,,,,,,,,,,,
St. Kitts and Nevis,,,,,,,,,,,,,,,,,,,,,,,,,,,,,,,,,,,,,,,,,,,,,,,,,,,,,,,,,,,,,
"Korea, Rep.",,,,,,,,,,,,,,,,,,,,5391320000,3828760000,4224270000,4407720000,4386800000,6222380000,7380820000,13924110000,33033160000,94348320000,1.40E+11,1.10E+11,96466000000,1.08E+11,1.40E+11,1.92E+11,1.82E+11,1.39E+11,41881360000,1.15E+11,3.06E+11,1.71E+11,2.34E+11,2.51E+11,3.29E+11,4.28E+11,7.18E+11,8.34E+11,1.12E+12,4.71E+11,8.35E+11,1.09E+12,9.96E+11,1.18E+12,1.23E+12,1.21E+12,1.23E+12,1.25E+12,1.77E+12,1.41E+12,,
Kuwait,,,,,,,,,,,,,,,,,,,,,,,,,,,,,,,,,,10499870000,9956700000,12970260000,18933330000,29655850000,22765250000,20019720000,19459900000,22633510000,31460220000,60951560000,72903660000,1.04E+11,1.07E+11,,,,,,,,,,,,,,
Latin America & Caribbean (excluding high income),,,,,,,,,,,,,,,,,,,,,,,,,,,,,,,,,,,,,,,,,4.19E+11,3.67E+11,2.69E+11,4.07E+11,5.62E+11,8.38E+11,1.21E+12,2.00E+12,9.93E+11,1.95E+12,2.38E+12,1.97E+12,2.15E+12,1.88E+12,1.61E+12,1.09E+12,1.36E+12,1.70E+12,1.55E+12,1.89E+12,
Lao PDR,,,,,,,,,,,,,,,,,,,,,,,,,,,,,,,,,,,,,,,,,,,,,,,,,,,,,,,,,,,,,
Lebanon,,,,,,,,,,,,,,,,,,,,,,,,,,,,,,,,,,,,,2396000000,2684000000,2391000000,1891350000,1554260000,1228000000,1326450000,1417740000,2206290000,4809840000,8143960000,10745910000,9583570000,12849820000,12697350000,9047140000,9078600000,10668220000,11328150000,11380950000,12163290000,11491770000,9675180000,7735800000,
Liberia,,,,,,,,,,,,,,,,,,,,,,,,,,,,,,,,,,,,,,,,,,,,,,,,,,,,,,,,,,,,,
Libya,,,,,,,,,,,,,,,,,,,,,,,,,,,,,,,,,,,,,,,,,,,,,,,,,,,,,,,,,,,,,
St. Lucia,,,,,,,,,,,,,,,,,,,,,,,,,,,,,,,,,,,,,,,,,,,,,,,,,,,,,,,,,,,,,
Latin America & Caribbean,,,,,,,,,,,,,,,,,,,,,,,,,,,,,,,,,,,,,,,,,4.88E+11,4.31E+11,3.22E+11,4.99E+11,6.86E+11,9.82E+11,1.39E+12,2.22E+12,1.13E+12,2.19E+12,2.73E+12,2.26E+12,2.48E+12,2.16E+12,1.86E+12,1.30E+12,1.59E+12,2.02E+12,1.82E+12,2.11E+12,
Least developed countries: UN classification,,,,,,,,,,,,,,,,,,,,,,,,,,,,,,,,,,,,,,,,,,,,,,,,,,,,,,,,,,,,,
Low income,,,,,,,,,,,,,,,,,,,,,,,,,,,,,,,,,,,,,,,,,,,,,,,,,,,,,,,,,,,,,
Liechtenstein,,,,,,,,,,,,,,,,,,,,,,,,,,,,,,,,,,,,,,,,,,,,,,,,,,,,,,,,,,,,,
Sri Lanka,,,,,,,,,,,,,,,,,,,,,,,,,,,,,,,,,,,,,,,,1584030000,1074140000,1331530000,1680410000,2711070000,3657000000,5719990000,7768850000,7553170000,4285950000,9546660000,19923860000,19436990000,16974010000,18806550000,23665120000,20804110000,18678773847,18959520000,15575020000,15720540000,
Lower middle income,,,,,,,,,,,,,,,,,,,,,,,,,,,,,,,,,,,,,,,,,,,,,4.95E+11,6.91E+11,1.10E+12,2.27E+12,9.18E+11,1.65E+12,2.21E+12,1.51E+12,1.77E+12,1.69E+12,2.17E+12,2.06E+12,2.19E+12,3.02E+12,2.72E+12,2.81E+12,
Low & middle income,,,,,,,,,,,,,,,,,,,,,,,,,,,,,,,,,,,,,,,,,,,,1.95E+12,2.47E+12,3.09E+12,4.95E+12,1.08E+13,4.82E+12,9.80E+12,1.20E+13,9.90E+12,1.11E+13,1.10E+13,1.28E+13,1.39E+13,1.40E+13,1.72E+13,1.38E+13,1.64E+13,
Lesotho,,,,,,,,,,,,,,,,,,,,,,,,,,,,,,,,,,,,,,,,,,,,,,,,,,,,,,,,,,,,,
Late-demographic dividend,,,,,,,,,,,,,,,,,,,,,,,,,,,,,,,,,,,,,,,,,,,,1.32E+12,1.49E+12,1.75E+12,3.03E+12,7.44E+12,3.33E+12,7.02E+12,8.39E+12,7.12E+12,7.77E+12,8.00E+12,9.43E+12,1.09E+13,1.07E+13,1.27E+13,1.00E+13,1.19E+13,
Lithuania,,,,,,,,,,,,,,,,,,,,,,,,,,,,,,,,,,,,,,,,,,,,,,,,,,,,,,,,,,,,,
Luxembourg,,,,,,,,,,,,,,,,800000000,800000000,861850000,1046590000,2540000000,1453520000,1516850000,1602090000,1511770000,1618670000,2800120000,4566160000,7144420000,8467720000,10348070000,10455530000,11275800000,11833300000,19315890000,28518410000,30426440000,32411670000,33883350000,38182000000,35938660000,34016520000,22710360000,24551040000,37333210000,50143550000,51248410000,79513580000,1.66E+11,66614730000,1.05E+11,1.01E+11,67627420000,70338380000,78640840000,63167510000,47131380000,60910166393,68639080000,49482640000,44233610000,
Latvia,,,,,,,,,,,,,,,,,,,,,,,,,,,,,,,,,,,,,,,,,,,,,,,,,,,,,,,,,,,,,
"Macao SAR, China",,,,,,,,,,,,,,,,,,,,,,,,,,,,,,,,,,,,,,,,,,,,,,,,,,,,,,,,,,,,,
St. Martin (French part),,,,,,,,,,,,,,,,,,,,,,,,,,,,,,,,,,,,,,,,,,,,,,,,,,,,,,,,,,,,,
Morocco,,,,,,,,,,,,,,,,,,,,,,,,,,,,,,,,,,,,,,,,,,,,,,,,,,,69152110000,60087890000,52479840000,53831380000,52746800000,45927920000,57579718868,67048480000,61080780000,65415260000,
Monaco,,,,,,,,,,,,,,,,,,,,,,,,,,,,,,,,,,,,,,,,,,,,,,,,,,,,,,,,,,,,,
Moldova,,,,,,,,,,,,,,,,,,,,,,,,,,,,,,,,,,,,,,,,,,,,,,,,,,,,,,,,,,,,,
Madagascar,,,,,,,,,,,,,,,,,,,,,,,,,,,,,,,,,,,,,,,,,,,,,,,,,,,,,,,,,,,,,
Maldives,,,,,,,,,,,,,,,,,,,,,,,,,,,,,,,,,,,,,,,,,,,,,,,,,,,,,,,,,,,,,
Middle East & North Africa,,,,,,,,,,,,,,,,,,,,,,,,,,,,,,,,,,,,,,,,,,,,,,,,,,8.95E+11,1.06E+12,9.01E+11,9.21E+11,1.57E+12,1.43E+12,1.31E+12,1.33E+12,1.36E+12,1.42E+12,3.57E+12,
Mexico,,,,,,,,,,,,,,,,470000000,800000000,,738000000,1197000000,1299000000,1010000000,1720000000,3030000000,3660000000,3910000000,5520000000,9050000000,15200000000,27080000000,41050000000,1.03E+11,1.39E+11,2.01E+11,1.30E+11,90693960000,1.07E+11,1.57E+11,91745800000,1.54E+11,1.25E+11,1.26E+11,1.04E+11,1.23E+11,1.71E+11,2.39E+11,3.48E+11,3.98E+11,2.34E+11,3.52E+11,4.54E+11,4.09E+11,5.25E+11,5.26E+11,4.80E+11,4.02E+11,3.52E+11,4.17E+11,3.85E+11,4.14E+11,
Marshall Islands,,,,,,,,,,,,,,,,,,,,,,,,,,,,,,,,,,,,,,,,,,,,,,,,,,,,,,,,,,,,,
Middle income,,,,,,,,,,,,,,,,,,,,,,,,,,,,,,,,,,,,,,,,,,,,1.95E+12,2.47E+12,3.09E+12,4.95E+12,1.08E+13,4.82E+12,9.80E+12,1.20E+13,9.90E+12,1.11E+13,1.10E+13,1.28E+13,1.39E+13,1.40E+13,1.72E+13,1.38E+13,1.63E+13,
North Macedonia,,,,,,,,,,,,,,,,,,,,,,,,,,,,,,,,,,,,,,,,,,,,,,,,,,,,,,,,,,,,,
Mali,,,,,,,,,,,,,,,,,,,,,,,,,,,,,,,,,,,,,,,,,,,,,,,,,,,,,,,,,,,,,
Malta,,,,,,,,,,,,,,,,,,,,,,,,,,,,,,,,,,,,,,,,,2024330000,1356870000,1373720000,1850380000,2839820000,4072500000,4503560000,5633400000,3576270000,4080300000,4193520000,3428910000,3631500000,4249190000,3641750000,4405320000,4433149739,5171190000,5053840000,5315940000,
Myanmar,,,,,,,,,,,,,,,,,,,,,,,,,,,,,,,,,,,,,,,,,,,,,,,,,,,,,,,,,,,,,
Middle East & North Africa (excluding high income),,,,,,,,,,,,,,,,,,,,,,,,,,,,,,,,,,,,,,,,,,,,,,,1.44E+11,2.42E+11,1.88E+11,2.07E+11,2.97E+11,2.65E+11,2.51E+11,5.10E+11,2.88E+11,2.40E+11,2.51E+11,2.71E+11,2.91E+11,,
Montenegro,,,,,,,,,,,,,,,,,,,,,,,,,,,,,,,,,,,,,,,,,,,,,,,,,3468290000,,3222750000,3509110000,3787240000,,,,,,,,
Mongolia,,,,,,,,,,,,,,,,,,,,,,,,,,,,,,,,,,,,,,,,,,,,,,,,,,,,,,,,,,,,,
Northern Mariana Islands,,,,,,,,,,,,,,,,,,,,,,,,,,,,,,,,,,,,,,,,,,,,,,,,,,,,,,,,,,,,,
Mozambique,,,,,,,,,,,,,,,,,,,,,,,,,,,,,,,,,,,,,,,,,,,,,,,,,,,,,,,,,,,,,
Mauritania,,,,,,,,,,,,,,,,,,,,,,,,,,,,,,,,,,,,,,,,,,,,,,,,,,,,,,,,,,,,,
Mauritius,,,,,,,,,,,,,,,,,,,,,,,,,,,,,,,,,,700390000,1321630000,1337250000,1485040000,1524200000,1702170000,1521820000,1242680000,978110000,1190490000,1895490000,2118950000,2326320000,4958510000,7919080000,4661990000,6582050000,7752770000,7845150000,7180100000,8942350000,8751020000,7238550000,7568297309,9742920000,9847530000,8615770000,
Malawi,,,,,,,,,,,,,,,,,,,,,,,,,,,,,,,,,,,,,,,,,,,,,,,,,,,,,,,,,,,,,
Malaysia,,,,,,,,,,,,,,,,,,,,,,15298580000,13877610000,22699050000,19333650000,24153930000,14861230000,18252570000,23056220000,39696180000,47868790000,56721200000,89008100000,2.15E+11,1.84E+11,2.14E+11,3.06E+11,93230310000,95561430000,1.40E+11,1.13E+11,1.19E+11,1.26E+11,1.61E+11,1.82E+11,1.81E+11,2.36E+11,3.25E+11,1.89E+11,2.89E+11,4.09E+11,3.96E+11,4.67E+11,5.00E+11,4.59E+11,3.83E+11,3.60E+11,4.56E+11,3.98E+11,4.04E+11,
North America,,,,,,,,,,,,,,,,,,,,,1.65E+12,1.26E+12,1.66E+12,2.07E+12,1.85E+12,2.59E+12,2.87E+12,2.94E+12,3.23E+12,3.93E+12,3.55E+12,4.67E+12,5.00E+12,5.85E+12,5.71E+12,7.62E+12,9.36E+12,1.18E+13,1.40E+13,1.62E+13,1.59E+13,1.46E+13,1.19E+13,1.52E+13,1.75E+13,1.85E+13,2.13E+13,2.21E+13,1.26E+13,1.68E+13,1.95E+13,1.76E+13,2.07E+13,2.62E+13,2.84E+13,2.67E+13,2.93E+13,3.45E+13,3.24E+13,,
Namibia,,,,,,,,,,,,,,,,,,,,,,,,,,,,,,,,,,27665773.91,196377179.6,189000275.6,473547786.7,689198354.4,427520000,691512885.3,311229252.1,150479366.4,204821546.2,307715361.7,392630191.6,414662985.9,541782490.4,699549323.8,611601169.7,967706803.6,1176270000,1152430000,1303215313,1785790000,1924030000,1911300000,2336939067,2915230554,2461910000,2609010000,
New Caledonia,,,,,,,,,,,,,,,,,,,,,,,,,,,,,,,,,,,,,,,,,,,,,,,,,,,,,,,,,,,,,
Niger,,,,,,,,,,,,,,,,,,,,,,,,,,,,,,,,,,,,,,,,,,,,,,,,,,,,,,,,,,,,,
Nigeria,,,,,,,,,,,,,,,,,,,,,,,,,,,,,,,,,,2142500000,2977300000,7777200000,12714500000,12559050000,10321670000,2939580000,,,2373940000,,15865940000,22244000000,32830510000,84894570000,48062280000,32223400000,50546400000,39028390000,56205200000,80609900000,62766310000,49973880000,29792434000,37217620000,31520550000,43921600000,
Nicaragua,,,,,,,,,,,,,,,,,,,,,,,,,,,,,,,,,,,,,,,,,,,,,,,,,,,,,,,,,,,,,
Netherlands,,,,,,,,,,,,,,,,18300020000,20199990000,22518250000,26576140000,29197590000,29359340000,21847680000,25712710000,33741560000,35425550000,59362550000,83713670000,87105490000,1.08E+11,1.54E+11,1.20E+11,1.69E+11,1.71E+11,1.82E+11,2.24E+11,2.87E+11,3.75E+11,4.69E+11,6.03E+11,6.94E+11,6.40E+11,5.03E+11,4.01E+11,4.89E+11,5.39E+11,5.93E+11,7.80E+11,9.56E+11,3.89E+11,5.59E+11,6.61E+11,5.95E+11,6.51E+11,8.18E+11,7.87E+11,7.28E+11,8.06E+11,1.10E+12,,,
Norway,,,,,,,,,,,,,,,,,,,,,,3334430000,2395630000,4585350000,57926160000,10062640000,10108300000,11888020000,15755770000,25285260000,26129830000,21997200000,17840400000,27371140000,36459340000,44586980000,56877690000,66509410000,46420920000,63699920000,65774110000,69465400000,64169760000,95919910000,1.41E+11,1.91E+11,2.81E+11,3.55E+11,1.46E+11,2.27E+11,2.95E+11,2.21E+11,2.43E+11,2.65E+11,2.19E+11,1.94E+11,2.31E+11,2.87E+11,2.67E+11,2.96E+11,
Nepal,,,,,,,,,,,,,,,,,,,,,,,,,,,,,,,,,,,,,,,,,,,,,,,,,,,,,,,,,,,,,
Nauru,,,,,,,,,,,,,,,,,,,,,,,,,,,,,,,,,,,,,,,,,,,,,,,,,,,,,,,,,,,,,
New Zealand,,,,,,,,,,,,,,,,,,,,,,,,,,8785860000,22215470000,15653890000,13448730000,13487070000,8823770000,14298000000,15324000000,25620870000,27117660000,31373000000,38290580000,30509230000,24783940000,28351500000,18613210000,17821780000,21761620000,33049760000,43731330000,40592460000,44816540000,47485600000,24209610000,35506850000,43515780000,44123760000,52870100000,65961560000,74415690000,74350500000,80048458702,94691280000,86132630000,1.08E+11,
OECD members,,,,,,,,,,,,,,,,,,,,,2.38E+12,2.15E+12,2.56E+12,3.18E+12,3.11E+12,4.50E+12,6.13E+12,7.42E+12,9.06E+12,1.08E+13,8.95E+12,1.06E+13,1.01E+13,1.24E+13,1.32E+13,1.56E+13,1.77E+13,2.03E+13,2.42E+13,3.16E+13,2.92E+13,2.52E+13,2.12E+13,2.81E+13,3.28E+13,3.58E+13,4.26E+13,4.60E+13,2.56E+13,3.08E+13,3.50E+13,3.08E+13,3.57E+13,4.39E+13,4.50E+13,4.31E+13,4.59E+13,5.55E+13,4.90E+13,,
Oman,,,,,,,,,,,,,,,,,,,,,,,,,,,,,,,,,,1611300000,2133000000,2378600000,3043640000,7495580000,4391690000,4177360000,4177360000,4063100000,5159950000,7256180000,9434910000,15268930000,16103990000,26682250000,20588940000,22468970000,28315950000,26863320000,30291300000,36766600000,37830490000,41123170000,23285264254,21298880000,18782400000,17119480000,
Other small states,,,,,,,,,,,,,,,,,,,,,,,,,,,,,,,,,,,,,,,,,,,,,,,,,,,,,,,2.26E+11,,,,,2.09E+11,
Pakistan,,,,,,,,,,,,,,,,,,,,,,,,,,,,,,,,,,12651700000,12927800000,9459210000,11660460000,11805320000,5418610000,7007800000,6624600000,4903400000,10168580000,16629330000,45595630000,45317280000,44906480000,69715390000,23354040000,31886980000,38007180000,32567930000,43673550000,57310840000,73468390000,66070330000,91863740000,,,,
Panama,,,,,,,,,,,,,,,,,,,,,,,,,,,,,,,,,,436000000,761600000,831000000,1279510000,2175150000,3817400000,3482000000,2794000000,2602100000,3094500000,3220000000,4202600000,5962800000,7151400000,7203300000,7065200000,7722500000,8348000000,10681700000,12544000000,12570000000,13755890000,13174310000,13563970000,15023710000,15647730000,16841000000,
Peru,,,,,,,,,,,,,,,,,,,,,,,,,,,,,,,,,,,,,,15495960000,9868500000,12091970000,9749910000,9790330000,11441440000,14125030000,18073730000,24139720000,40021560000,69386470000,37876760000,71662540000,1.03E+11,81878190000,1.03E+11,80977520000,78839860000,56555700000,81088973557,99217960000,93385360000,98964960000,
Philippines,,,,,,,,,,,,,,,,,,,,,,,,,,,,,,,,,,,,,80648630000,31360600000,35297040000,42177840000,25980660000,21245370000,18507430000,23175720000,28601910000,39798720000,67851740000,1.03E+11,52030600000,86349430000,1.57E+11,1.65E+11,2.29E+11,2.17E+11,2.62E+11,2.39E+11,2.40E+11,2.90E+11,2.58E+11,2.75E+11,
Palau,,,,,,,,,,,,,,,,,,,,,,,,,,,,,,,,,,,,,,,,,,,,,,,,,,,,,,,,,,,,,
Papua New Guinea,,,,,,,,,,,,,,,,,,,,,,,,,,,,,,,,,,,,,,,,,,,,2962560000,3825030000,6138410000,7744350000,12960830000,11181680000,17514140000,11027250000,12592450000,,,,,,,,,
Poland,,,,,,,,,,,,,,,,,,,,,,,,,,,,,,,,,,,,4564210000,8373690000,12134750000,20460970000,29576810000,31279370000,26016650000,28380430000,37020270000,70530890000,94028510000,1.49E+11,2.12E+11,90815490000,1.51E+11,1.91E+11,1.38E+11,1.77E+11,2.05E+11,1.69E+11,1.38E+11,1.39E+11,2.01E+11,1.60E+11,1.52E+11,
Pre-demographic dividend,,,,,,,,,,,,,,,,,,,,,,,,,,,,,,,,,,,,,,,,,,,,,,,,,,,,,,,,,,,,,
Puerto Rico,,,,,,,,,,,,,,,,,,,,,,,,,,,,,,,,,,,,,,,,,,,,,,,,,,,,,,,,,,,,,
"Korea, Dem. People’s Rep.",,,,,,,,,,,,,,,,,,,,,,,,,,,,,,,,,,,,,,,,,,,,,,,,,,,,,,,,,,,,,
Portugal,,,,,,,,,,,,,,,,,,77910000,61010000,88150000,185940000,156000000,92300000,92320000,78400000,213320000,1830770000,14107100000,7189110000,10600440000,9410540000,9303260000,9746300000,12403140000,16259630000,18358980000,24480650000,38953480000,62954000000,68147740000,60680690000,46337810000,42845350000,58284740000,70240380000,66973400000,1.04E+11,1.32E+11,68876020000,98247200000,81996700000,61689890000,65519040000,79177900000,57774190000,59837190000,57255223905,75589628812,61933604857,,
Paraguay,,,,,,,,,,,,,,,,,,,,,,,,,,,,,,,,,,,,,387540000,423720000,366720000,312800000,,,,,,,,,,,,,,,,,,,,,
West Bank and Gaza,,,,,,,,,,,,,,,,,,,,,,,,,,,,,,,,,,,,,,,,602320000,453100000,512320000,418350000,461180000,777420000,3161510000,1933360000,1753310000,1820560000,2375360000,2449900000,2782470000,2859140000,3247480000,3187260000,3339200000,3390120000,3891490000,3734920000,3757500000,
Pacific island small states,,,,,,,,,,,,,,,,,,,,,,,,,,,,,,,,,,,,,,,,,,,,,,,,,,,,,,,,,,,,,
Post-demographic dividend,,,,,,,,,,,,,,,,,,,,,2.43E+12,2.22E+12,2.57E+12,3.20E+12,3.14E+12,4.53E+12,6.18E+12,7.47E+12,9.14E+12,1.09E+13,9.02E+12,1.06E+13,1.01E+13,1.26E+13,1.33E+13,1.59E+13,1.81E+13,2.04E+13,2.44E+13,3.19E+13,2.95E+13,2.55E+13,2.15E+13,2.85E+13,3.32E+13,3.62E+13,4.35E+13,4.77E+13,2.64E+13,3.23E+13,3.67E+13,3.22E+13,3.75E+13,4.60E+13,4.74E+13,4.56E+13,4.85E+13,5.91E+13,5.22E+13,,
French Polynesia,,,,,,,,,,,,,,,,,,,,,,,,,,,,,,,,,,,,,,,,,,,,,,,,,,,,,,,,,,,,,
Qatar,,,,,,,,,,,,,,,,,,,,,,,,,,,,,,,,,,,,,,,,,,,,,,,,95506240000,76530570000,,,,,1.53E+11,1.86E+11,1.43E+11,1.55E+11,1.31E+11,1.63E+11,1.60E+11,
Romania,,,,,,,,,,,,,,,,,,,,,,,,,,,,,,,,,,,,,,,356590000,313690000,363790000,1103100000,2489000000,3403000000,10964000000,15857840000,25234970000,30642040000,15149440000,13072970000,14200970000,14023920000,,,,,,,,26110300000,
Russian Federation,,,,,,,,,,,,,,,,,,,,,,,,,,,,,,,,,,,,,,,,,,,,,,,,,,7.62E+11,9.51E+11,7.84E+11,8.25E+11,7.71E+11,3.86E+11,3.93E+11,6.22E+11,6.23E+11,5.76E+11,,
Rwanda,,,,,,,,,,,,,,,,,,,,,,,,,,,,,,,,,,,,,,,,,,,,,,,,,,,,,,,,,,,,3214220000,
South Asia,,,,,,,,,,,,,,,,,,,,,,,,,,,,,,,,,,,,,,,,,,,,2.98E+11,4.37E+11,6.07E+11,8.75E+11,1.91E+12,6.87E+11,1.37E+12,1.73E+12,1.11E+12,1.32E+12,1.21E+12,1.66E+12,1.60E+12,1.75E+12,2.44E+12,2.18E+12,2.20E+12,
Saudi Arabia,,,,,,,,,,,,,,,,,,,,,,,,,,,,,,,,,,,,,,,,,,,,,,,,,,3.19E+11,3.53E+11,3.39E+11,3.73E+11,4.67E+11,4.83E+11,4.21E+11,4.49E+11,4.51E+11,4.96E+11,2.41E+12,
Sudan,,,,,,,,,,,,,,,,,,,,,,,,,,,,,,,,,,,,,,,,,,,,,,,,,,,,,,,,,,,,,
Senegal,,,,,,,,,,,,,,,,,,,,,,,,,,,,,,,,,,,,,,,,,,,,,,,,,,,,,,,,,,,,,
Singapore,,,,,,,,,,,,,,,,,,,,13609730000,24417910000,34807650000,11732560000,15525340000,12246510000,11069260000,16620000000,17876810000,24011770000,35924510000,34268500000,47593400000,48933600000,1.33E+11,1.34E+11,1.48E+11,1.50E+11,1.04E+11,94986670000,1.93E+11,1.53E+11,1.16E+11,1.01E+11,1.49E+11,2.17E+11,2.57E+11,3.84E+11,5.39E+11,2.65E+11,4.81E+11,6.47E+11,5.98E+11,7.65E+11,7.44E+11,7.53E+11,6.40E+11,6.40E+11,7.87E+11,6.87E+11,6.97E+11,
Solomon Islands,,,,,,,,,,,,,,,,,,,,,,,,,,,,,,,,,,,,,,,,,,,,,,,,,,,,,,,,,,,,,
Sierra Leone,,,,,,,,,,,,,,,,,,,,,,,,,,,,,,,,,,,,,,,,,,,,,,,,,,,,,,,,,,,,,
El Salvador,,,,,,,,,,,,,,,,,,,,,,,,,,,,,,,,,,,,,,,,,,,,,,,,,,,,,,,,,,,,,
San Marino,,,,,,,,,,,,,,,,,,,,,,,,,,,,,,,,,,,,,,,,,,,,,,,,,,,,,,,,,,,,,
Somalia,,,,,,,,,,,,,,,,,,,,,,,,,,,,,,,,,,,,,,,,,,,,,,,,,,,,,,,,,,,,,
Serbia,,,,,,,,,,,,,,,,,,,,,,,,,,,,,,,,,,,,,,,,,,,,1426600000,3259900000,5365220000,10825400000,23721640000,12575890000,11415840000,1541580000,1791690000,,,,,,,,,
Sub-Saharan Africa (excluding high income),,,,,,,,,,,,,,,,,,,,,,,,,,,,,,,,,,,2.70E+11,2.92E+11,2.63E+11,2.49E+11,,,,,,,,,,,,,,,,,,,,,,,
South Sudan,,,,,,,,,,,,,,,,,,,,,,,,,,,,,,,,,,,,,,,,,,,,,,,,,,,,,,,,,,,,,
Sub-Saharan Africa,,,,,,,,,,,,,,,,,,,,,,,,,,,,,,,,,,,2.71E+11,2.94E+11,2.64E+11,2.51E+11,,,,,,,,,,,,,,,,,,,,,,,
Small states,,,,,,,,,,,,,,,,,,,,,,,,,,,,,,,,,,,,,,,,,,,,,,,,,,,,,,,,,,,,,
Sao Tome and Principe,,,,,,,,,,,,,,,,,,,,,,,,,,,,,,,,,,,,,,,,,,,,,,,,,,,,,,,,,,,,,
Suriname,,,,,,,,,,,,,,,,,,,,,,,,,,,,,,,,,,,,,,,,,,,,,,,,,,,,,,,,,,,,,
Slovak Republic,,,,,,,,,,,,,,,,,,,,,,,,,,,,,,,,,,2625990000,2935790000,1201900000,1209750000,1359710000,650480000,459970000,436180000,543500000,926730000,1294840000,2409060000,2457950000,5831440000,6910820000,5381080000,5091820000,4166890000,5430820000,4610560000,4801320000,,,,,,,
Slovenia,,,,,,,,,,,,,,,,,,,,,,,,,,,,,,,,,,,,,,1875520000,2984930000,2854000000,3099650000,3461290000,5577900000,7134130000,9676810000,7898880000,15181750000,28859820000,11799390000,12140920000,9428350000,6325860000,6474850000,7128430000,7519360000,6034990000,5262429994,6318340000,7266520000,7923300000,
Sweden,,,,,,,,,,,,,,,,2200010000,2600010000,7600940000,10224760000,10676110000,12909710000,17215760000,18596750000,30244970000,25674080000,37295710000,63355090000,70377220000,99675170000,1.19E+11,92014740000,97055300000,78079270000,1.01E+11,1.19E+11,1.73E+11,2.40E+11,2.65E+11,2.79E+11,3.73E+11,3.28E+11,2.37E+11,1.79E+11,2.90E+11,,,,,,,,,,,,,,,,,
Eswatini,,,,,,,,,,,,,,,,,,,,,,,,,,,,,,,,,,,338600000,338860000,471190000,129460000,85040000,94830000,73030000,127100000,147770000,172250000,222040000,196330000,197500000,234260000,,,,,,,,,,,,,
Sint Maarten (Dutch part),,,,,,,,,,,,,,,,,,,,,,,,,,,,,,,,,,,,,,,,,,,,,,,,,,,,,,,,,,,,,
Seychelles,,,,,,,,,,,,,,,,,,,,,,,,,,,,,,,,,,,,,,,,,,,,,,,,,,,,,,,,,,,,1136540000,
Syrian Arab Republic,,,,,,,,,,,,,,,,,,,,,,,,,,,,,,,,,,,,,,,,,,,,,,,,,,,,,,,,,,,,,
Turks and Caicos Islands,,,,,,,,,,,,,,,,,,,,,,,,,,,,,,,,,,,,,,,,,,,,,,,,,,,,,,,,,,,,,
Chad,,,,,,,,,,,,,,,,,,,,,,,,,,,,,,,,,,,,,,,,,,,,,,,,,,,,,,,,,,,,,
East Asia & Pacific (IDA & IBRD countries),,,,,,,,,,,,,,,,,,,,,,,,,,,,,,,,,,,,,,,,,,,,8.74E+11,8.50E+11,8.34E+11,1.74E+12,5.33E+12,2.25E+12,4.39E+12,5.28E+12,4.67E+12,5.25E+12,5.41E+12,7.63E+12,9.57E+12,8.85E+12,1.07E+13,8.10E+12,1.04E+13,
Europe & Central Asia (IDA & IBRD countries),,,,,,,,,,,,,,,,,,,,,,,,,,,,,,,,,,,,,,,,,,,,,,,,,,1.23E+12,1.56E+12,1.22E+12,1.35E+12,1.22E+12,8.18E+11,7.73E+11,9.93E+11,1.13E+12,9.48E+11,,
Togo,,,,,,,,,,,,,,,,,,,,,,,,,,,,,,,,,,,,,,,,,,,,,,,,,,,,,,,,,,,,,
Thailand,,,,,,,,,,,,,,,,,,,,,,,,,,,,,,23085060000,20453640000,38069100000,57278300000,1.28E+11,1.27E+11,1.40E+11,96697310000,22886210000,34252430000,57176550000,29217400000,35943180000,45504360000,1.19E+11,1.15E+11,1.24E+11,1.40E+11,1.97E+11,1.03E+11,1.77E+11,2.78E+11,2.68E+11,3.90E+11,3.54E+11,4.30E+11,3.49E+11,4.33E+11,5.49E+11,5.01E+11,5.69E+11,
Tajikistan,,,,,,,,,,,,,,,,,,,,,,,,,,,,,,,,,,,,,,,,,,,,,,,,,,,,,,,,,,,,,
Turkmenistan,,,,,,,,,,,,,,,,,,,,,,,,,,,,,,,,,,,,,,,,,,,,,,,,,,,,,,,,,,,,,
Latin America & the Caribbean (IDA & IBRD countries),,,,,,,,,,,,,,,,,,,,,,,,,,,,,,,,,,,,,,,,,4.86E+11,4.29E+11,3.22E+11,4.96E+11,6.83E+11,9.80E+11,1.39E+12,2.22E+12,1.13E+12,2.19E+12,2.73E+12,2.25E+12,2.48E+12,2.16E+12,1.86E+12,1.29E+12,1.59E+12,2.01E+12,1.81E+12,2.11E+12,
Timor-Leste,,,,,,,,,,,,,,,,,,,,,,,,,,,,,,,,,,,,,,,,,,,,,,,,,,,,,,,,,,,,,
Middle East & North Africa (IDA & IBRD countries),,,,,,,,,,,,,,,,,,,,,,,,,,,,,,,,,,,,,,,,,,,,,,,1.42E+11,2.40E+11,1.87E+11,2.04E+11,2.94E+11,2.62E+11,2.48E+11,5.06E+11,2.85E+11,2.36E+11,2.48E+11,2.67E+11,2.88E+11,,
Tonga,,,,,,,,,,,,,,,,,,,,,,,,,,,,,,,,,,,,,,,,,,,,,,,,,,,,,,,,,,,,,
South Asia (IDA & IBRD),,,,,,,,,,,,,,,,,,,,,,,,,,,,,,,,,,,,,,,,,,,,2.98E+11,4.37E+11,6.07E+11,8.75E+11,1.91E+12,6.87E+11,1.37E+12,1.73E+12,1.11E+12,1.32E+12,1.21E+12,1.66E+12,1.60E+12,1.75E+12,2.44E+12,2.18E+12,2.20E+12,
Sub-Saharan Africa (IDA & IBRD countries),,,,,,,,,,,,,,,,,,,,,,,,,,,,,,,,,,,2.71E+11,2.94E+11,2.64E+11,2.51E+11,,,,,,,,,,,,,,,,,,,,,,,
Trinidad and Tobago,,,,,,,,,,,,,,,,,,,,,,,,,,,,,,,,,,,,,,,,,3418490000,3889100000,,,,,,,,,,,,,,,,,,,
Tunisia,,,,,,,,,,,,,,,,,,,,,,,,,,,,,,,,,,,,4028260000,3762020000,2237120000,2172880000,2634730000,2815270000,2230470000,2130280000,2462960000,2572120000,2816490000,4233290000,5346930000,6337120000,9281860000,10651710000,9661970000,8886880000,8600520000,8743770000,8819260000,8450200000,8922590000,8328990000,8503230000,
Turkey,,,,,,,,,,,,,,,,,,,,,,,,,,,,,,,,,,36612690000,21605060000,20771720000,30311800000,61095030000,33645590000,1.13E+11,69710920000,48387990000,36043970000,68379000000,98298000000,1.60E+11,1.61E+11,2.85E+11,1.18E+11,2.32E+11,3.02E+11,1.97E+11,3.15E+11,1.96E+11,2.20E+11,1.89E+11,1.72E+11,2.28E+11,1.49E+11,1.85E+11,
Tuvalu,,,,,,,,,,,,,,,,,,,,,,,,,,,,,,,,,,,,,,,,,,,,,,,,,,,,,,,,,,,,,
Tanzania,,,,,,,,,,,,,,,,,,,,,,,,,,,,,,,,,,,,,,,,171390000,231480000,398100000,,,,,,,,,,,,,,,,,,,
Uganda,,,,,,,,,,,,,,,,,,,,,,,,,,,,,,,,,,,,,,,,,,,,,,,,,,,,,,,,,,,,,
Ukraine,,,,,,,,,,,,,,,,,,,,,,,,,,,,,,,,,,,,,,,,,,,,,,,,,,,38897400000,25654060000,,,,,,5198000000,4415440000,,
Upper middle income,,,,,,,,,,,,,,,,,,,,,,,,,,,,,,,,,,,,,,,,,,,,1.62E+12,1.98E+12,2.40E+12,3.85E+12,8.51E+12,3.91E+12,8.15E+12,9.80E+12,8.39E+12,9.34E+12,9.35E+12,1.06E+13,1.18E+13,1.18E+13,1.42E+13,1.11E+13,1.35E+13,
Uruguay,,,,,,,,,,,,,,,,,,,,,,,,,,,,,,,,,,,,1300440000,283800000,,,,,,,,,,,,,,,,,,,,,,,,
United States,,,,,,,,,,,,,,,,,,,,,1.36E+12,1.26E+12,1.46E+12,1.81E+12,1.60E+12,2.30E+12,2.54E+12,2.53E+12,2.78E+12,3.38E+12,3.09E+12,4.16E+12,4.55E+12,5.25E+12,5.14E+12,6.95E+12,8.48E+12,1.08E+13,1.29E+13,1.48E+13,1.51E+13,1.40E+13,1.11E+13,1.43E+13,1.63E+13,1.70E+13,1.96E+13,1.99E+13,1.16E+13,1.51E+13,1.73E+13,1.56E+13,1.87E+13,2.40E+13,2.63E+13,2.51E+13,2.74E+13,3.21E+13,3.04E+13,,
Uzbekistan,,,,,,,,,,,,,,,,,,,,,,,,,,,,,,,,,,,,,,,,,,,,,,,,,,,,,,,,,,,,,
St. Vincent and the Grenadines,,,,,,,,,,,,,,,,,,,,,,,,,,,,,,,,,,,,,,,,,,,,,,,,,,,,,,,,,,,,,
"Venezuela, RB",,,,,,,,,,,,,,,,,,,,,,,,,,,,,,,,,,7800700000,4927900000,4285060000,10063460000,14580590000,7580420000,7453750000,8100000000,6215800000,3979600000,,,,,,,,,,,,,,,,,,
British Virgin Islands,,,,,,,,,,,,,,,,,,,,,,,,,,,,,,,,,,,,,,,,,,,,,,,,,,,,,,,,,,,,,
Virgin Islands (U.S.),,,,,,,,,,,,,,,,,,,,,,,,,,,,,,,,,,,,,,,,,,,,,,,,,,,,,,,,,,,,,
Vietnam,,,,,,,,,,,,,,,,,,,,,,,,,,,,,,,,,,,,,,,,,,,,,,,,,12365840731,33307101456,36854988298,25961620804,36705648755,45127428285,52426688090,58734029972,73222197645,1.25E+11,1.33E+11,1.50E+11,
Vanuatu,,,,,,,,,,,,,,,,,,,,,,,,,,,,,,,,,,,,,,,,,,,,,,,,,,,,,,,,,,,,,
World,,,,,,,,,,,,,,,,,,,,,2.50E+12,2.32E+12,2.68E+12,3.32E+12,3.22E+12,4.63E+12,6.32E+12,7.65E+12,9.31E+12,1.14E+13,9.38E+12,1.12E+13,1.07E+13,1.38E+13,1.45E+13,1.71E+13,1.96E+13,2.17E+13,2.54E+13,3.35E+13,3.10E+13,2.68E+13,2.28E+13,3.13E+13,3.67E+13,4.04E+13,5.00E+13,6.03E+13,3.23E+13,4.40E+13,5.09E+13,4.40E+13,5.07E+13,5.96E+13,6.28E+13,6.19E+13,6.50E+13,7.92E+13,6.87E+13,,
Samoa,,,,,,,,,,,,,,,,,,,,,,,,,,,,,,,,,,,,,,,,,,,,,,,,,,,,,,,,,,,,,
Kosovo,,,,,,,,,,,,,,,,,,,,,,,,,,,,,,,,,,,,,,,,,,,,,,,,,,,,,,,,,,,,,
"Yemen, Rep.",,,,,,,,,,,,,,,,,,,,,,,,,,,,,,,,,,,,,,,,,,,,,,,,,,,,,,,,,,,,,
South Africa,,,,,,,,,,,,,,,,24100740000,19700610000,24066140000,30944810000,44464360000,55829970000,74856260000,77848000000,82756160000,53388340000,55436930000,1.03E+11,1.39E+11,1.26E+11,1.45E+11,1.37E+11,1.85E+11,1.64E+11,2.17E+11,2.60E+11,2.77E+11,2.42E+11,2.30E+11,1.69E+11,2.60E+11,2.04E+11,1.47E+11,1.82E+11,2.61E+11,4.43E+11,5.49E+11,7.11E+11,8.28E+11,4.83E+11,7.99E+11,9.25E+11,7.89E+11,9.08E+11,9.43E+11,9.34E+11,7.36E+11,9.51E+11,1.23E+12,8.65E+11,1.06E+12,
Zambia,,,,,,,,,,,,,,,,,,,,,,,,,,,,,,,,,,,,427960000,217050000,501770000,285830000,273540000,,300000000,,755650000,1649980000,2516720000,2952560000,,,,,3184470000,,,,,,,,,
Zimbabwe,,,,,,,,,,,,,,,,,,,,,,,,,,,,,,,,,,1437900000,1685100000,2130100000,3633060000,1929160000,956090000,2460690000,,,,,,,,,,,,,,,,,,,,,
