date,AUSTOLD,ATXINDX,WIBELGL,TTOCOMP,WIDNMKL,WIFRNCL,WIWGRML,HNGKNGI,WIEIREL,WIITALL,JAPDOWA,AMSTEOE,WISNGPL,WISAFRL,WISWITL,FTALLSH,S&PCOMP,BRBOVES,FBMKLCI,OSLOASH,KORCOMP,MADRIDI,SWSEALI,ARGMERV,IFFMBGL,IGPAGEN,MSCOLML,CZPXIDX,ECUBVGI,HEXINDX,GRAGENL,BUXINDX,ICEXALL,ICRI500,ISTA100,AMMANFM,NSEINDX,LUXGENI,MXIPC35,MSMORCL,WINZEAL,PKSE100,IFFPNM$,PEGENRL,PSECOMP,POLWIGI,POPSI20,SXSAX16,SRALLSH,TAIWGHT,BNGKSET,TRKISTB,VENGENL,IFFMBH$,IFFMBOL,BSSOFIX,CHSASHR,IFFMCIL,CTCROBE,CYPMAPM,MSEGYTL,ESTALSE,IFFMGHL,JAKCOMP,JAMSEIN,IFFKZK$,KWKICGN,IFFMLAL,LBBLOMI,IFFMLIL,SXTMMK$,MALTAIX,IFFMMAL,BELEXLN,IFFML,IFGDNGL,OMANMSM,MSQATAL,RMBETRL,RSMICEX,MSSAUDL,SXTMRS$,IFFMSLL,IFFMTT$,TUTUNIN,IFFMUR$,MSUAEIL,TOTMKVI,ZAMALSH,TOTAL
Q1 1985,,,,,,,,,,,,,,,,0.1558,0.8442,,,,,,,,,,,,,,,,,,,,,,,,,,,,,,,,,,,,,,,,,,,,,,,,,,,,,,,,,,,,,,,,,,,,,,,,,1.40E+06
Q2 1985,,,,,,,,,,,,,,,,0.168909,0.831091,,,,,,,,,,,,,,,,,,,,,,,,,,,,,,,,,,,,,,,,,,,,,,,,,,,,,,,,,,,,,,,,,,,,,,,,,1.60E+06
Q3 1985,,,,,,,,,,,,,,,,0.170063,0.829937,,,,,,,,,,,,,,,,,,,,,,,,,,,,,,,,,,,,,,,,,,,,,,,,,,,,,,,,,,,,,,,,,,,,,,,,,1.70E+06
Q4 1985,,,,,,,,,,,,,,,,0.194318,0.805682,,,,,,,,,,,,,,,,,,,,,,,,,,,,,,,,,,,,,,,,,,,,,,,,,,,,,,,,,,,,,,,,,,,,,,,,,1.60E+06
Q1 1986,,,,,,,,,,,,,,,,0.179813,0.820187,,,,,,,,,,,,,,,,,,,,,,,,,,,,,,,,,,,,,,,,,,,,,,,,,,,,,,,,,,,,,,,,,,,,,,,,,1.80E+06
Q2 1986,,,,,,,,,,,,,,,,0.200644,0.799356,,,,,,,,,,,,,,,,,,,,,,,,,,,,,,,,,,,,,,,,,,,,,,,,,,,,,,,,,,,,,,,,,,,,,,,,,2.10E+06
Q3 1986,,,,,,,,,,,,,,,,0.187648,0.812352,,,,,,,,,,,,,,,,,,,,,,,,,,,,,,,,,,,,,,,,,,,,,,,,,,,,,,,,,,,,,,,,,,,,,,,,,2.20E+06
Q4 1986,,,,,,,,,,,,,,,,0.19653,0.80347,,,,,,,,,,,,,,,,,,,,,,,,,,,,,,,,,,,,,,,,,,,,,,,,,,,,,,,,,,,,,,,,,,,,,,,,,2.00E+06
Q1 1987,,,,,,,,,,,,,,,,0.222833,0.777167,,,,,,,,,,,,,,,,,,,,,,,,,,,,,,,,,,,,,,,,,,,,,,,,,,,,,,,,,,,,,,,,,,,,,,,,,2.20E+06
Q2 1987,,,,,,,,,,,,,,,,0.222314,0.777686,,,,,,,,,,,,,,,,,,,,,,,,,,,,,,,,,,,,,,,,,,,,,,,,,,,,,,,,,,,,,,,,,,,,,,,,,2.60E+06
Q3 1987,,,,,,,,,,,,,,,,0.256492,0.743508,,,,,,,,,,,,,,,,,,,,,,,,,,,,,,,,,,,,,,,,,,,,,,,,,,,,,,,,,,,,,,,,,,,,,,,,,2.90E+06
Q4 1987,,,,,,,,,,,,,,,,0.232214,0.767786,,,,,,,,,,,,,,,,,,,,,,,,,,,,,,,,,,,,,,,,,,,,,,,,,,,,,,,,,,,,,,,,,,,,,,,,,3.00E+06
Q1 1988,,,,,,,,,,,,,,,,0.261599,0.7384,,,,,,,,,,,,,,,,,,,,,,,,,,,,,,,,,,,,,,,,,,,,,,,,,,,,,,,,,,,,,,,,,,,,,,,,,2.40E+06
Q2 1988,,,,,,,,,,,,,,,,0.26993,0.73007,,,,,,,,,,,,,,,,,,,,,,,,,,,,,,,,,,,,,,,,,,,,,,,,,,,,,,,,,,,,,,,,,,,,,,,,,2.50E+06
Q3 1988,,,,,,,,,,,,,,,,0.245525,0.754475,,,,,,,,,,,,,,,,,,,,,,,,,,,,,,,,,,,,,,,,,,,,,,,,,,,,,,,,,,,,,,,,,,,,,,,,,2.50E+06
Q4 1988,,,,,,,,,,,,,,,,0.256368,0.743632,,,,,,,,,,,,,,,,,,,,,,,,,,,,,,,,,,,,,,,,,,,,,,,,,,,,,,,,,,,,,,,,,,,,,,,,,2.50E+06
Q1 1989,,,,,,,,,,,,,,,,0.260051,0.739949,,,,,,,,,,,,,,,,,,,,,,,,,,,,,,,,,,,,,,,,,,,,,,,,,,,,,,,,,,,,,,,,,,,,,,,,,2.60E+06
Q2 1989,,,,,,,,,,,,,,,,0.263662,0.736338,,,,,,,,,,,,,,,,,,,,,,,,,,,,,,,,,,,,,,,,,,,,,,,,,,,,,,,,,,,,,,,,,,,,,,,,,2.70E+06
Q3 1989,,,,,,,,,,,,,,,,0.2567,0.7433,,,,,,,,,,,,,,,,,,,,,,,,,,,,,,,,,,,,,,,,,,,,,,,,,,,,,,,,,,,,,,,,,,,,,,,,,2.90E+06
Q4 1989,,,,,,,,,,,,,,,,0.22645,0.77355,,,,,,,,,,,,,,,,,,,,,,,,,,,,,,,,,,,,,,,,,,,,,,,,,,,,,,,,,,,,,,,,,,,,,,,,,3.00E+06
Q1 1990,,,,,,,,,,,,,,,,0.248395,0.751605,,,,,,,,,,,,,,,,,,,,,,,,,,,,,,,,,,,,,,,,,,,,,,,,,,,,,,,,,,,,,,,,,,,,,,,,,3.00E+06
Q2 1990,,,,,,,,,,,,,,,,0.236551,0.763449,,,,,,,,,,,,,,,,,,,,,,,,,,,,,,,,,,,,,,,,,,,,,,,,,,,,,,,,,,,,,,,,,,,,,,,,,3.00E+06
Q3 1990,,,,,,,,,,,,,,,,0.256093,0.743907,,,,,,,,,,,,,,,,,,,,,,,,,,,,,,,,,,,,,,,,,,,,,,,,,,,,,,,,,,,,,,,,,,,,,,,,,3.30E+06
Q4 1990,,,,,,,,,,,,,,,,0.273758,0.726242,,,,,,,,,,,,,,,,,,,,,,,,,,,,,,,,,,,,,,,,,,,,,,,,,,,,,,,,,,,,,,,,,,,,,,,,,2.90E+06
Q1 1991,,,,,,,,,,,0.004837,,,,,0.258005,0.723775,,,,,,,,,,,,,,,,,0.013383,,,,,,,,,,,,,,,,,,,,,,,,,,,,,,,,,,,,,,,,,,,,,,,,,,,,,,,,3.10E+06
Q2 1991,,,,,,,,,,,0.004473,,,,,0.245976,0.736132,,,,,,,,,,,,,,,,,0.01342,,,,,,,,,,,,,,,,,,,,,,,,,,,,,,,,,,,,,,,,,,,,,,,,,,,,,,,,3.50E+06
Q3 1991,,,,,,,,,,,0.004039,,,,,0.245018,0.739645,,,,,,,,,,,,,,,,,0.011298,,,,,,,,,,,,,,,,,,,,,,,,,,,,,,,,,,,,,,,,,,,,,,,,,,,,,,,,3.50E+06
Q4 1991,,,,,,,,,,,0.004434,,,,,0.251067,0.731182,,,,,,,,,,,,,,,,,0.013316,,,,,,,,,,,,,,,,,,,,,,,,,,,,,,,,,,,,,,,,,,,,,,,,,,,,,,,,3.60E+06
Q1 1992,,,,,,,,,,,0.003586,,,,,0.236161,0.745292,,,,,,,,,,,,,,,,,0.014961,,,,,,,,,,,,,,,,,,,,,,,,,,,,,,,,,,,,,,,,,,,,,,,,,,,,,,,,3.80E+06
Q2 1992,,,,,,,,,,,0.00282,,,,,0.240519,0.729961,,,,,,,,,,,,,,,,,0.026701,,,,,,,,,,,,,,,,,,,,,,,,,,,,,,,,,,,,,,,,,,,,,,,,,,,,,,,,3.90E+06
Q3 1992,,,,,,,,,,,0.002859,,,,,0.249951,0.73126,,,,,,,,,,,,,,,,,0.015929,,,,,,,,,,,,,,,,,,,,,,,,,,,,,,,,,,,,,,,,,,,,,,,,,,,,,,,,3.90E+06
Q4 1992,,,,,,,,,,,0.003172,,,,,0.223746,0.755137,,,,,,,,,,,,,,,,,0.017946,,,,,,,,,,,,,,,,,,,,,,,,,,,,,,,,,,,,,,,,,,,,,,,,,,,,,,,,3.80E+06
Q1 1993,,,,,,,,,,,0.002877,,,,,0.225195,0.753869,,,,,,,,,,,,,,,,,0.01806,,,,,,,,,,,,,,,,,,,,,,,,,,,,,,,,,,,,,,,,,,,,,,,,,,,,,,,,4.00E+06
Q2 1993,,,,,,,,,,,0.003937,,,,,0.227861,0.754907,,,,,,,,,,,,,,,,,0.013295,,,,,,,,,,,,,,,,,,,,,,,,,,,,,,,,,,,,,,,,,,,,,,,,,,,,,,,,4.10E+06
Q3 1993,,,,,,,,,,,0.004125,,,,,0.227505,0.754569,,,,,,,,,,,,,,,,,0.013801,,,,,,,,,,,,,,,,,,,,,,,,,,,,,,,,,,,,,,,,,,,,,,,,,,,,,,,,4.10E+06
Q4 1993,,,,,,,,,,,0.003931,,,,,0.235153,0.743023,,,,,,,,,,,,,,,,,0.017894,,,,,,,,,,,,,,,,,,,,,,,,,,,,,,,,,,,,,,,,,,,,,,,,,,,,,,,,4.40E+06
Q1 1994,,,,,0.006381,,,,0.002084,,0.003122,,0.00955,0.024912,0.043764,0.229144,0.655939,,,,,,,,,,,,,,,,,0.021612,,,,,,,0.003493,,,,,,,,,,,,,,,,,,,,,,,,,,,,,,,,,,,,,,,,,,,,,,,,,5.10E+06
Q2 1994,,,,,0.006339,,,,0.002113,,0.0038,,0.01014,0.026762,0.045275,0.221323,0.657804,,,,,,,,,,,,,,,,,0.022964,,,,,,,0.00348,,,,,,,,,,,,,,,,,,,,,,,,,,,,,,,,,,,,,,,,,,,,,,,,,4.80E+06
Q3 1994,,,,,0.007111,,,,0.002091,,0.003723,,0.010074,0.026412,0.041366,0.214198,0.635916,,,,0.031225,,,,,,,,,,,,,0.024488,,,,,,,0.003395,,,,,,,,,,,,,,,,,,,,,,,,,,,,,,,,,,,,,,,,,,,,,,,,,5.20E+06
Q4 1994,,,,,0.00656,,,,0.002179,,0.003513,,0.011039,0.027111,0.041996,0.211313,0.632517,,,,0.035555,,,,,,,,,,,,,0.024559,,,,,,,0.003658,,,,,,,,,,,,,,,,,,,,,,,,,,,,,,,,,,,,,,,,,,,,,,,,,5.40E+06
Q1 1995,,,,,0.006404,,,,0.002283,,0.003297,,0.009787,0.025843,0.042377,0.208797,0.64147,,,,0.034008,,,,,,,,,,,,,0.021992,,,,,,,0.003743,,,,,,,,,,,,,,,,,,,,,,,,,,,,,,,,,,,,,,,,,,,,,,,,,5.30E+06
Q2 1995,,,,,0.006443,,,,0.002292,,0.003354,,0.009765,0.024063,0.044399,0.206579,0.6492,,,,0.031171,,,,,,,,,,,,,0.018834,,,,,,,0.0039,,,,,,,,,,,,,,,,,,,,,,,,,,,,,,,,,,,,,,,,,,,,,,,,,5.70E+06
Q3 1995,,,,,0.006218,,,,0.002278,,0.002873,,0.009912,0.020589,0.045828,0.203101,0.658,,,,0.031028,,,,,,,,,,,,,0.016478,,,,,,,0.003694,,,,,,,,,,,,,,,,,,,,,,,,,,,,,,,,,,,,,,,,,,,,,,,,,6.20E+06
Q4 1995,,,,,0.005907,,,,0.002223,,0.002614,,0.008811,0.020322,0.046942,0.198671,0.666101,,,,0.031332,,,,,,,,,,,,,0.013544,,,,,,,0.003532,,,,,,,,,,,,,,,,,,,,,,,,,,,,,,,,,,,,,,,,,,,,,,,,,6.50E+06
Q1 1996,,,,,0.006028,,,,0.002254,,0.002678,,0.009995,0.022921,0.046541,0.193486,0.676707,,,,0.025297,,,,,,,,,,,,,0.010661,,,,,,,0.003228,,,,,,,,,,,,,,,,,,,,,,,,,,,,,,,,,,,,,,,,,,0.000071,0.000132,,,,,,6.80E+06
Q2 1996,,,,,0.005178,,,,0.002282,,0.002632,,0.009766,0.01901,0.047017,0.192001,0.67726,,,,0.027535,,,,,,,,,,,,,0.014001,,,,,,,0.003127,,,,,,,,,,,,,,,,,,,,,,,,,,,,,,,,,,,,,,,,,,0.000066,0.000126,,,,,,7.20E+06
Q3 1996,,,,,0.005481,,,,0.002328,,0.002564,,0.008954,0.018008,0.048332,0.191739,0.681685,,,,0.024038,,,,,,,,,,,,,0.013541,,,,,,,0.003142,,,,,,,,,,,,,,,,,,,,,,,,,,,,,,,,,,,,,,,,,,0.000047,0.000141,,,,,,7.10E+06
Q4 1996,,,,,0.005415,,,,0.002392,,0.002338,,0.007673,0.016345,0.044426,0.194364,0.691868,,,,0.021904,,,,,,,,,,,,,0.00979,,,,,,,0.00329,,,,,,,,,,,,,,,,,,,,,,,0.00001,,,,,,,,,,,,,,,,,,,0.00006,0.000127,,,,,,7.80E+06
Q1 1997,,,,,0.005631,,,,0.002345,,0.001785,,0.008142,0.014159,0.038879,0.194614,0.696589,,,,0.017379,,,,,,,,,,,,,0.009852,,,,,,,0.002993,,,,,,,,,,,,,,,,0.007446,,,,,,,0.000011,,,,,,,,,,,,,,,,,,,0.000058,0.000116,,,,,,8.50E+06
Q2 1997,,,,,0.005603,,,,0.002369,,0.001705,,0.00716,0.01548,0.04358,0.193199,0.689983,,,,0.016602,,,,,,,,,,,,,0.01024,,,,,,,0.002647,,,,,,,,,,,,,,,,0.011208,,,,,,,0.000011,,,,,,,,,,,,,,,,,,,0.000064,0.000149,,,,,,8.50E+06
Q3 1997,,,,,0.005521,,,,0.002338,,0.001753,,0.006097,0.013425,0.044436,0.187264,0.698593,,,,0.015228,,,,,,,,,,,,,0.009736,0.003544,,,,,,0.002318,,,,,,,,,,,,,,,,0.009559,,,,,,,0.00001,,,,,,,,,,,,,,,,,,,0.00005,0.000127,,,,,,1.00E+07
Q4 1997,,,,,0.005422,,,,0.00245,,0.001472,,0.004391,0.011601,0.042965,0.193053,0.70226,,,,0.011486,,,,,,,,,,,,,0.009169,0.00353,,,,,,0.002333,,,,,,,,,,,,,,,,0.009637,,,,,,,5.30E-06,,,,,,,,,,,,,,,,,,,0.000057,0.000169,,,,,,1.00E+07
Q1 1998,,,,,0.005905,,,,0.002569,,0.001273,,0.002894,0.008428,0.044882,0.192485,0.711792,,,,0.005952,,,,,,,,,,,,,0.007832,0.003157,,,,,,0.001841,,,,,,,,,,,,,,,,0.010644,,,,,,,1.70E-06,,,,,,,,,,,,,,,,,,,0.000134,0.000211,,,,,,1.10E+07
Q2 1998,,,,,0.005633,,,,0.002887,,0.001016,,0.003009,0.009925,0.045236,0.189537,0.714764,,,,0.005181,,,,,,,,,,,,,0.007653,0.003034,,,,,,0.001577,,,,,,,,,,,,,,,,0.010094,,,,,,,2.10E-06,,,,,,,,,,,,,,,0.000063,,,,0.000136,0.000199,,0.000054,,,,1.20E+07
Q3 1998,,,,,0.005929,,,,0.002775,,0.000964,,0.002064,0.00656,0.047189,0.181905,0.727421,,,,0.004104,,,,,,,,,,,,,0.00606,0.002911,,,,,,0.001339,,,,,,,,,,,,,,,,0.010372,,,,,,,1.20E-06,,,,,,,,,,,,,,,0.000044,,,,0.000133,0.000202,,0.000028,,,,1.30E+07
Q4 1998,,,,,0.005627,,,,0.002656,,0.001047,,0.0026,0.006404,0.044698,0.171524,0.738778,,,,0.005149,,,,,,,,,,,,,0.005972,0.00248,,,,,,0.001182,,,,,,,,,,,,,,,,0.011437,,,,,,,1.60E-06,,,,,,,,,,,,,,,0.00003,,,,0.00016,0.000239,,0.000015,,,,1.20E+07
Q1 1999,,,0.011139,,0.00461,0.046921,0.051662,,0.003079,0.027697,0.000787,,0.002591,0.004451,0.038234,0.145363,0.638773,,,,0.008214,,,,,,,,,,,,,0.004839,0.002077,,,,,,0.00117,,,,,,,,,,,,,,,,0.008084,,,,,,,1.30E-06,,,,,,,,,,,,,,,0.000023,,,,0.000109,0.000165,,0.00001,,,,1.60E+07
Q2 1999,,,0.009237,,0.003816,0.045476,0.047633,,0.002854,0.025821,0.00097,,0.003016,0.004982,0.034395,0.153813,0.640491,,,,0.010429,,,,,,,,,,,,,0.005077,0.002508,,,,,,0.001193,,,,,,,,,,,,,,,,0.008,,,,,,,1.90E-06,,,,,,,,,,,,,,,0.000016,,,,0.000113,0.000151,,8.60E-06,,,,1.60E+07
Q3 1999,,,0.007107,,0.003599,0.045281,0.046579,,0.003071,0.02303,0.001006,,0.003539,0.00394,0.031598,0.143814,0.652631,,,,0.014684,,,,,,,,,,,,,0.006367,0.002664,,,,,,0.001101,,,,,,,,,,,,,,,,0.009736,,,,,,,3.90E-06,,,,,,,,,,,,,,,0.000016,,,,0.000093,0.000132,,9.20E-06,,,,1.80E+07
Q4 1999,,,0.007433,0.024032,0.003938,0.05054,0.047538,,0.003013,0.023174,0.001106,,0.004785,0.006433,0.033739,0.147346,0.611936,,,,0.013035,,,,,,,,,,,,,0.007816,0.002353,,,,,,0.001053,,,,,,,,,,,,,,,,0.010443,,,,,,,3.10E-06,,,,,,,,,,,,,,,0.000023,,,,0.00011,0.000145,,8.90E-06,,,,1.70E+07
Q1 2000,,,0.005597,0.026726,0.003667,0.050566,0.049644,,0.002527,0.024603,0.001014,,0.005062,0.007388,0.02894,0.13676,0.621232,,,,0.01459,,,,,,,,,,,,,0.008303,0.002801,,,,,,0.00093,,,,,,,,,,,,,,,,0.009395,,,,,,,3.00E-06,,,,,,,,,,,,,,,0.000022,,,,0.000085,0.000135,,8.40E-06,,,,2.00E+07
Q2 2000,,,0.005621,0.028912,0.003331,0.051373,0.039971,,0.003071,0.024931,0.001077,,0.004599,0.005277,0.028021,0.138909,0.629029,,,,0.01238,,,,,,,,,,,,,0.007374,0.002606,,,,,,0.000877,,,,,,,,,,,,,,,,0.012357,,,,,,,2.20E-06,,,,,,,,,,,,,,,0.000021,,,,0.000077,0.000169,,0.000015,,,,1.90E+07
Q3 2000,,,0.005607,0.032617,0.00381,0.052086,0.04015,,0.002675,0.026089,0.001295,,0.004459,0.005414,0.027933,0.131239,0.63015,,,,0.012525,,,,,,,,,,,,,0.006789,0.002844,,,,,,0.000731,,,,,,,,,,,,,,,,0.013334,,,,,,,1.90E-06,,,,,,,,,,,,,,,0.00002,,,,0.000066,0.000152,,0.000015,,,,2.00E+07
Q4 2000,,,0.005173,0.033358,0.004163,0.048525,0.036297,,0.002875,0.023754,0.001296,,0.004736,0.004684,0.028407,0.131238,0.643171,,,,0.008735,,,,,,,,,,,,,0.00569,0.002764,,,,,,0.000587,,,,,,,,,,,,,,,,0.014287,,,,,,,1.60E-06,,,,,,,,,,,,,,,0.000023,,,,0.000065,0.000155,,0.000015,,,,1.90E+07
Q1 2001,,,0.00567,0.028994,0.004316,0.052158,0.039542,,0.003275,0.026475,0.001099,,0.004599,0.004914,0.031444,0.13202,0.615313,,,,0.009073,,,,,,,,,0.014167,,,,0.00641,0.002558,,,,,,0.000696,,,,,,,,,,,,,,,0.000012,0.016978,,,,,,,1.30E-06,,,,,,,,,,,,,,,0.000047,,,,0.000067,0.000154,,0.000018,,,,1.90E+07
Q2 2001,,,0.005776,0.027454,0.003971,0.051351,0.038935,,0.003427,0.025877,0.001178,,0.004074,0.005368,0.029665,0.130553,0.62346,,,,0.008764,,,,,,,,,0.011657,,,,0.005327,0.002403,,,,,,0.000664,,,,,,,,,,,,,,,9.60E-06,0.019806,,,,,,,1.10E-06,,,,,,,,,,,,,,,0.000035,,,,0.000065,0.000161,,0.00002,,,,1.80E+07
Q3 2001,,,0.004405,0.027444,0.003439,0.043906,0.033273,,0.003859,0.016794,0.001079,,0.003533,0.003838,0.029846,0.127372,0.651713,,,,0.009285,,,,,,,,,0.009435,,,,0.005565,0.002671,,,,,,0.000561,,,,,,,,,,,,,,,0.000012,0.021657,,,,,,,1.50E-06,,,,,,,,,,,,,,,0.000044,,,,0.000068,0.00018,,0.000017,,,,1.70E+07
Q4 2001,,,0.004467,0.027057,0.003407,0.044281,0.02938,,0.00367,0.016,0.001094,,0.003015,0.003704,0.031042,0.133434,0.649849,,,,0.009867,,,,,,,,,0.010355,,,,0.00543,0.002735,,,,,,0.000578,,,,,,,,,,,,,,,0.000012,0.02026,,,,,,,1.50E-06,,,,,,,,,,,,,,,0.00008,,,,0.000083,0.000181,,0.000016,,,,1.50E+07
Q1 2002,,,0.004485,0.027591,0.003147,0.042552,0.032652,,0.003462,0.015824,0.000899,,0.003457,0.003227,0.030289,0.131046,0.649895,,,,0.012539,,,,,,,,,0.011154,,,,0.006047,0.002944,,,,,,0.00063,,,,,,,,,,,,,,,0.000013,0.017842,,,,,,,1.60E-06,,,,,,,,,,,,,,,0.000077,,,,0.000086,0.000124,,0.000017,,,,1.60E+07
Q2 2002,,,0.004611,0.028503,0.003124,0.044303,0.032718,,0.002938,0.016758,0.000983,,0.003587,0.003758,0.031789,0.132681,0.637192,,,,0.016415,,,,,,,,,0.009769,,,,0.006317,0.002351,,,,,,0.000683,,,,,,,,,,,,,,,0.000011,0.021165,,,,,,,2.30E-06,,,,,,,,,,,,,,,0.000096,,,,0.000098,0.000129,,0.000018,,,,1.60E+07
Q3 2002,,,0.00503,0.03033,0.003742,0.046095,0.03583,,0.00351,0.018229,0.001241,,0.004275,0.004884,0.03393,0.140813,0.600306,,,,0.019936,,,,,,,,,0.010377,,,,0.008867,0.002968,,,,,,0.000921,,,,,,,,,,,,,,,0.000016,0.028182,,,,,,,2.60E-06,,,,,,,,,,,,,,,0.00016,,,,0.000157,0.00017,,0.000028,,,,1.30E+07
Q4 2002,,,0.004366,0.028857,0.00318,0.042569,0.027822,,0.00289,0.017405,0.001055,,0.003817,0.004412,0.032572,0.13678,0.628509,,,,0.016946,,,,,,,,,0.010663,,,,0.008122,0.002636,,,,,,0.000922,,,,,,,,,,,,,,,0.000018,0.025848,,,,,,,1.90E-06,,,,,,,,,,,,,,,0.00023,,,,0.000181,0.00017,,0.000026,,,,1.30E+07
Q1 2003,,,0.004486,0.031124,0.003293,0.043026,0.027736,,0.003054,0.018912,0.001052,,0.003595,0.005323,0.033886,0.13124,0.62756,,,,0.016775,,,,,,,,,0.010879,,,,0.008871,0.002603,,,,,,0.001013,,,,,,,,,,,,,,,0.000024,0.024962,,,,,,,2.10E-06,,,,,,,,,,,,,,,0.000222,,,,0.000155,0.000189,,0.00002,,,,1.30E+07
Q2 2003,,,0.004447,0.031994,0.003434,0.042813,0.028427,,0.003243,0.018347,0.000938,,0.003446,0.004927,0.031534,0.13162,0.627308,,,,0.016247,,,,,,,,,0.010669,,,,0.008228,0.003264,,,,,,0.001014,,,,,,,,,,,,,,,0.00003,0.027469,,,,,,,2.40E-06,,,,,,,,,,,,,,,0.00022,,,,0.000154,0.000204,,0.00002,,,,1.30E+07
Q3 2003,,,0.004377,0.032147,0.003361,0.042126,0.029893,,0.003138,0.018865,0.001025,,0.003863,0.005097,0.031117,0.128066,0.631462,,,,0.016984,,,,,,,,,0.009821,,,,0.00992,0.003496,,,,,,0.001018,,,,,,,,,,,,,,,0.000038,0.02361,,,,,,,3.00E-06,,,,,,,,,,,,,,,0.000227,,,,0.000143,0.000184,,0.000021,,,,1.50E+07
Q4 2003,,,0.0045,0.034821,0.003426,0.045754,0.030956,,0.002982,0.018834,0.001237,,0.004222,0.006403,0.032619,0.135102,0.612999,,,,0.017651,,,,,,,,,0.010362,,,,0.012744,0.003399,,,,,,0.001044,,,,,,,,,,,,,,,0.000055,0.020309,,,,,,,3.30E-06,,,,,,,,,,,,,,,0.000212,,,,0.000158,0.00019,,0.000019,,,,1.60E+07
Q1 2004,,,0.004715,0.035569,0.003342,0.047775,0.035925,,0.003168,0.019577,0.001112,,0.004059,0.006232,0.03338,0.134374,0.600044,,,,0.018088,,,,,,,,,0.011059,,,,0.014506,0.00371,,,,,,0.00108,,,,,,,,,,,,,,,0.000057,0.02164,,,,,,,3.50E-06,,,,,,,,,,,,,,,0.000216,,,,0.000154,0.000198,,0.000015,,,,1.80E+07
Q2 2004,,,0.004803,0.035108,0.003291,0.047117,0.033719,,0.002833,0.019278,0.001197,,0.004242,0.006879,0.033444,0.136544,0.599272,,,,0.019597,,,,,,,,,0.009289,,,,0.014883,0.00386,,,,,,0.001087,,,,,,,,,,,,,,,0.000061,0.022761,,,,,,,3.50E-06,,,,,,,,,,,,,,,0.000291,,,,0.000172,0.000245,,0.000024,,,,1.80E+07
Q3 2004,,,0.004974,0.037177,0.003798,0.048248,0.034027,,0.003044,0.019963,0.001195,,0.004292,0.007594,0.033871,0.137949,0.599486,,,,0.016596,,,,,,,,,0.008744,,,,0.01224,0.004046,,,,,,0.001154,,,,,,,,,,,,,,,0.000067,0.020677,,,,,,,3.30E-06,,,,,,,,,,,,,,,0.000385,,,,0.000179,0.000266,,0.000023,,,,1.70E+07
Q4 2004,,,0.005986,0.039343,0.004169,0.049241,0.03523,,0.003692,0.021376,0.001135,,0.004384,0.008452,0.033229,0.139163,0.586726,,,,0.019557,,,,,,,,,0.009954,,,,0.014086,0.003553,,,,,,0.001185,,,,,,,,,,,,,,,0.000075,0.018592,,,,,,,3.60E-06,,,,,,,,,,,,,,,0.000391,,,,0.000198,0.000264,,0.000019,,,,1.80E+07
Q1 2005,,,0.006075,0.039113,0.004087,0.049743,0.036204,,0.004096,0.023882,0.001146,,0.004391,0.00874,0.033292,0.139089,0.580249,,,,0.021574,,,,,,,,,0.009671,,,,0.016407,0.003959,,,,,,0.0012,,,,,,,,,,,,,,,0.000084,0.015697,,,,,,,4.00E-06,,,,,,,,,,,,,,,0.000786,,,,0.000198,0.000256,,0.000057,,,,1.90E+07
Q2 2005,,,0.006516,0.040582,0.004592,0.05167,0.036466,,0.003673,0.023259,0.00111,,0.004504,0.008859,0.035196,0.144862,0.565472,,,,0.022875,,,,,,,,,0.009945,,,,0.017759,0.004293,,,,,,0.001191,,,,,,,,,,,,,,,0.000099,0.015805,,,,,,,4.10E-06,,,,,,,,,,,,,,,0.000719,,,,0.000184,0.000307,,0.000058,,,,1.90E+07
Q3 2005,,,0.005943,0.043051,0.004187,0.05131,0.036362,,0.003701,0.022377,0.001071,,0.004579,0.0093,0.033083,0.133745,0.576774,,,,0.024662,,,,,,,,,0.010427,,,,0.020135,0.0039,,,,,,0.001101,,,,,,,,,,,,,,,0.000075,0.012958,,,,,,,4.00E-06,,,,,,,,,,,,,,,0.000761,,,,0.000162,0.000276,,0.000058,,,,2.00E+07
Q4 2005,,,0.006063,0.045747,0.004117,0.052817,0.037054,,0.003493,0.021986,0.001281,,0.004485,0.009701,0.035299,0.141509,0.557067,,,,0.026393,,,,,,,,,0.010346,,,,0.02106,0.004352,,,,,,0.001121,,,,,,,,,,,,,,,0.000086,0.01465,,,,,,,3.80E-06,,,,,,,,,,,,,,,0.000878,,,,0.000163,0.000265,,0.000063,,,,1.90E+07
Q1 2006,,,0.005179,0.048715,0.004222,0.05409,0.037676,,0.003728,0.022925,0.001363,,0.004547,0.012017,0.035589,0.141879,0.54225,,,,0.030707,,,,,,,,,0.010542,,,,0.02316,0.004641,,,,,,0.000988,,,,,,,,,,,,,,,0.000075,0.01417,,,,,,,4.20E-06,,,,,,,,,,,,,,,0.001037,,,,0.000167,0.000227,,0.000104,,,,2.10E+07
Q2 2006,,,0.005264,0.053685,0.003651,0.056334,0.03965,,0.003783,0.022993,0.001397,,0.004716,0.012208,0.034995,0.144208,0.524855,,,,0.032792,,,,,,,,,0.011232,,,,0.026597,0.004706,,,,,,0.00086,,,,,,,,,,,,,,,0.000078,0.014511,,,,,,,5.00E-06,,,,,,,,,,,,,,,0.000998,,,,0.000172,0.000183,,0.000127,,,,2.30E+07
Q3 2006,,,0.005275,0.053066,0.003557,0.056859,0.037405,,0.003807,0.023051,0.001261,,0.004495,0.010364,0.035309,0.146178,0.530093,,,,0.029316,,,,,,,,,0.010685,,,,0.021716,0.004461,,,,,,0.000802,,,,,,,,,,,,,,,0.000081,0.020693,,,,,,,4.40E-06,,,,,,,,,,,,,,,0.000978,,,,0.000223,0.000194,,0.000127,,,,2.20E+07
Q4 2006,,,0.00553,0.049161,0.003705,0.057765,0.038364,,0.004,0.023176,0.001272,,0.004742,0.009686,0.036049,0.144585,0.521052,,,,0.029427,,,,,,,,,0.010609,0.006212,,,0.026805,0.004692,,,,,,0.000817,,,,,,,,,,,,,,,0.000076,0.020605,,,,,,,5.00E-06,,,,,,,,,,,,,,,0.001152,,,,0.000228,0.000163,,0.000122,,,,2.40E+07
Q1 2007,,,0.005537,0.044595,0.004111,0.057321,0.03892,,0.004024,0.022876,0.001178,,0.005117,0.010366,0.034934,0.139995,0.490901,,,,0.027276,,0.023645,,,,,,,0.010544,0.006695,,,0.027763,0.00467,,,,,,0.000839,,,,,,,,,,,,,,,0.00011,0.036961,,,,,,,5.20E-06,,,,,,,,,,,,,,,0.001124,,,,0.000224,0.000175,,0.000094,,,,2.60E+07
Q2 2007,,,0.005456,0.046289,0.004414,0.058999,0.041069,,0.004029,0.022916,0.001126,,0.005486,0.011312,0.034399,0.136203,0.468754,,,,0.028536,,0.024548,,,,,,,0.01116,0.006634,,,0.027086,0.004915,,,,,,0.000799,,0.000077,,,,0.003062,,,,,,,,,0.000243,0.049973,,,,,,,5.30E-06,,0.000642,,,,,,,,,,,,,0.001163,,,,0.000242,0.000151,,0.000127,,0.000187,,2.80E+07
Q3 2007,,,0.005123,0.048853,0.004347,0.05675,0.041059,,0.003697,0.02081,0.001034,,0.005639,0.01037,0.031429,0.128752,0.449524,,,0.012756,0.034066,,0.023236,,,,,,,0.011389,0.006596,,,0.030337,0.004967,,,,,,0.000804,,0.000071,,,,0.001735,,,,0.00641,,,,,0.000245,0.056942,,,,,,,5.90E-06,,0.000703,,,,,,,,,,,,,0.001385,,,,0.000302,0.000135,,0.00015,,0.000376,,3.10E+07
Q4 2007,,,0.005207,0.049366,0.004279,0.055396,0.042067,,0.003127,0.02012,0.000975,,0.005905,0.010558,0.031448,0.122787,0.422805,,,0.012651,0.03425,,0.021082,,,,,,,0.012017,0.006812,,,0.034797,0.00514,,,,,,0.000714,,0.00007,,,,0.001672,,,,0.006184,,,,,0.000293,0.087298,,,,,,,6.40E-06,,0.000543,,,,,,,,,,,,,0.001235,,,,0.000363,0.00014,,0.00015,,0.000542,,3.10E+07
Q1 2008,,,0.00454,0.04438,0.004019,0.054013,0.042766,,0.002935,0.020207,0.000959,,0.005332,0.009985,0.030729,0.111932,0.400486,,,0.011127,0.03187,,0.018461,,,,,,,0.011058,0.006254,,0.00118,0.045685,0.005456,,,,,,0.000673,,0.000076,,,,0.001661,,,,0.006415,,,,,0.000198,0.124586,,,,,,,7.00E-06,,0.000557,,,,,,,,,,,,,0.001009,,,,0.000408,0.000148,,0.000257,,0.00063,,2.90E+07
Q2 2008,,,0.005354,0.051575,0.004594,0.058566,0.043997,,0.003071,0.020609,0.000961,,0.00612,0.010413,0.032529,0.118555,0.423998,,,0.013032,0.031385,,0.020121,,,,,,,0.011127,0.006106,,0.000991,0.037842,0.005811,,,,,,0.000646,,0.000082,,,,0.001724,,,,0.007347,,,,,0.000216,0.07976,,,,,,,6.60E-06,,0.000548,,,,,,,,,,,,,0.001833,,,,0.000328,0.000157,,0.000166,,0.000429,,2.90E+07
Q3 2008,,,0.004351,0.055239,0.005033,0.056913,0.045033,,0.00264,0.019038,0.001008,,0.00637,0.010572,0.033788,0.117065,0.42869,,,0.013096,0.029495,,0.020151,,,,,,,0.011321,0.006001,,0.000775,0.03221,0.005844,,,,,,0.000593,,0.000092,,,,0.001643,,,,0.006132,,,,,0.000194,0.083052,,,,,,,7.10E-06,,0.000648,,,,,,,,,,,,,0.001842,,,,0.00036,0.000208,,0.000168,,0.000429,,2.60E+07
Q4 2008,,,0.003222,0.0481,0.00483,0.054306,0.039491,,0.001646,0.018092,0.001075,,0.005506,0.008781,0.038816,0.11003,0.464578,,,0.008542,0.025367,,0.016826,,0.00014,,,,,0.009875,0.004615,,0.000192,0.032155,0.005778,,,,,,0.000614,,0.000157,,,,0.001558,,,,0.006182,,,,0.000067,0.000149,0.084046,0.000161,,,,,0.000038,6.40E-06,,0.0004,,4.20E-06,,0.000108,,,0.000126,,7.70E-06,0.002197,,,0.001227,,,,0.000239,0.000189,,0.000073,,0.000485,,1.80E+07
Q1 2009,,,0.003873,0.04638,0.004526,0.051544,0.036532,,0.00144,0.018031,0.001222,,0.00577,0.010155,0.037557,0.103817,0.464342,,,0.008504,0.02723,,0.016,,0.000066,,,,,0.009367,0.003933,,0.000107,0.033852,0.006326,,,,,,0.000605,,0.000166,,,,0.001611,,,,0.006219,,,,0.00006,,0.096718,0.000076,,,,,0.000032,6.10E-06,,0.000443,,3.20E-06,,0.000114,,,0.00013,,0.000016,0.001494,,,0.000847,,,,0.000226,0.000105,,0.000084,,0.000469,,1.60E+07
Q2 2009,,,0.004051,0.048475,0.004268,0.049827,0.037006,,0.001583,0.016665,0.001093,,0.005895,0.010879,0.033175,0.103012,0.443778,,,0.008769,0.030295,,0.018401,,0.000063,,,,,0.008796,0.004341,,0.000073,0.03698,0.006472,,,,,,0.000571,,0.000152,,,,0.001581,,,,0.006036,,,,0.000054,,0.114337,0.000063,,,,,0.00002,7.10E-06,,0.000295,,2.30E-06,,0.000094,,,0.000111,,0.000017,0.001067,,,0.000846,,,,0.000192,0.000098,,0.000073,,0.000487,,1.70E+07
Q3 2009,,,0.004206,0.050443,0.00465,0.048472,0.035507,,0.001588,0.016804,0.001023,,0.006919,0.011757,0.033532,0.107248,0.417303,,,0.008923,0.030041,,0.018738,,0.000073,,,,,0.00836,0.004522,,0.000072,0.043902,0.006561,,,,,,0.000587,,0.000136,,,,0.001573,,,,0.007037,,,,0.000052,,0.126009,0.00006,,,,,0.000016,8.30E-06,,0.000306,,2.80E-06,,0.000091,,,0.000117,,0.000015,0.001101,,,0.000965,,,,0.000229,0.000084,,0.000072,,0.000895,,2.00E+07
Q4 2009,,,0.004775,0.051727,0.004816,0.053935,0.038479,,0.001687,0.019231,0.000942,,0.007027,0.012004,0.034433,0.110368,0.412804,,,0.010393,0.031463,,0.020475,,0.000061,,,,,0.008689,0.004288,,0.00006,0.046608,0.00653,,,,,,0.00064,,0.000121,,,,0.001736,,,,0.007458,,,,0.000053,,0.104646,0.000055,,,,,0.000016,9.10E-06,,0.000724,,3.30E-06,,0.000124,,,0.000134,,0.000015,0.00087,,,0.001221,,,,0.000209,0.00007,,0.000091,,0.001011,,2.30E+07
Q1 2010,,,0.004271,0.050968,0.004676,0.050446,0.035213,,0.001397,0.017101,0.00095,,0.007247,0.011527,0.033107,0.109752,0.415548,,0.004921,0.010359,0.032456,,0.020188,,0.00008,,,,,0.008402,0.003573,,0.000063,0.048399,0.007172,,,,,,0.000597,,0.000212,,,,0.001505,,,,0.007265,,,,0.000052,,0.108229,0.000049,,,,,0.000013,9.40E-06,,0.000651,,3.60E-06,,0.0001,,,0.000123,,0.000011,0.000877,,,0.001279,,,,0.000175,0.000064,,0.00008,,0.00089,,2.50E+07
Q2 2010,,,0.004147,0.053105,0.004919,0.04691,0.033864,,0.001392,0.015252,0.000957,,0.007508,0.011714,0.032498,0.105382,0.432505,,0.005143,0.009964,0.032543,,0.021005,,0.000083,,,,,0.008458,0.003071,,0.00007,0.04785,0.00717,,,,,,0.000564,,0.000226,,,,0.001356,,,,0.007229,,,0.000134,0.000053,,0.100303,0.000053,,,,,0.000015,0.00001,,0.000626,,4.10E-06,,0.000105,,,0.000111,,0.000011,0.001085,,,0.001342,,,,0.000168,0.000064,,0.000119,,0.000909,,2.50E+07
Q3 2010,,,0.004285,0.054474,0.005344,0.04499,0.034382,,0.001259,0.014427,0.000966,,0.008204,0.012453,0.03327,0.105394,0.428943,,0.005635,0.009367,0.034769,,0.022143,,0.000108,,,,,0.007925,0.002752,,0.000076,0.052787,0.006974,,,,,,0.000559,,0.000227,,,,0.00128,,,,0.00919,,,0.000134,0.000055,,0.093259,0.000053,,,,,0.000021,0.000012,,0.000494,,3.90E-06,,0.000103,,,0.00012,,0.000012,0.001043,,,0.001151,,,,0.000162,0.000072,,0.000101,,0.001022,,2.30E+07
Q4 2010,,,0.004427,0.055096,0.005044,0.04846,0.036354,,0.001054,0.014651,0.000936,,0.008409,0.01347,0.034463,0.108893,0.42113,,0.005911,0.009852,0.036331,,0.023296,,0.000108,,,,,0.008586,0.002673,,0.000077,0.024104,0.007495,,,,,,0.00058,,0.000212,,,,0.001361,,,,0.010678,,,0.00013,0.000053,,0.11196,0.000055,,,,,0.000022,0.000014,,0.00052,,4.40E-06,,0.000115,,,0.000118,,0.000013,0.000953,,,0.001232,,,,0.000147,0.000061,,0.000081,,0.000871,,2.50E+07
Q1 2011,,,0.003903,0.057919,0.005347,0.046173,0.036377,,0.001036,0.013705,0.000972,,0.008228,0.013286,0.033289,0.109308,0.434765,,0.006067,0.010788,0.039719,,0.023851,,0.00014,,,,,0.008421,0.002367,,0.000077,0.020434,0.007563,,,,,,0.000587,,0.000177,,,,0.001191,,,,0.010249,,,0.000153,0.000048,,0.099261,0.000057,,,,,0.000035,0.000013,,0.000648,,3.60E-06,,0.000112,,,0.000131,,0.000015,0.000986,,,0.001289,,,,0.000131,0.000054,,0.000161,,0.000963,,2.70E+07
Q2 2011,,,0.004101,0.059798,0.005521,0.046584,0.036699,,0.001096,0.013803,0.000823,,0.007889,0.01263,0.033477,0.10598,0.429551,,0.005748,0.011295,0.039171,,0.023506,,0.000121,,,,,0.008184,0.002305,,0.000078,0.020728,0.007119,,,,,,0.000602,,0.000174,,,,0.001124,,,,0.010601,,,0.000167,0.000049,,0.106645,0.000054,,,,,0.000034,0.000014,,0.00056,,3.70E-06,,0.000109,0.000016,,0.000133,,0.000015,0.000836,,,0.001463,,,0.000036,0.000115,0.000056,,0.000156,,0.000828,,2.80E+07
Q3 2011,,,0.003661,0.06002,0.005011,0.044473,0.036951,,0.001169,0.011969,0.000897,,0.007933,0.012924,0.034469,0.104944,0.440031,,0.006071,0.010394,0.041175,,0.021764,,0.000127,,,,,0.006983,0.001899,,0.000078,0.020594,0.006575,,,,,,0.000669,,0.000194,,,,0.000984,,,,0.010889,,,0.000165,0.000049,,0.102769,0.00005,,,,,0.000038,0.000015,,0.000512,,3.90E-06,,0.000118,0.000015,,0.000134,,0.000015,0.000769,,,0.001343,,,0.000037,0.000115,0.000061,,0.000146,,0.000798,,2.80E+07
Q4 2011,,,0.003918,0.05729,0.004553,0.043288,0.034067,,0.001129,0.011772,0.000914,,0.007592,0.012614,0.035299,0.107563,0.453199,,0.006217,0.010378,0.038177,,0.020825,,0.000119,,,,,0.006784,0.001306,,0.00008,0.019208,0.00611,,,,,,0.000674,,0.000229,,,,0.000972,,,,0.010282,,,0.000166,0.000049,,0.101506,0.000052,,,,,0.000031,0.000016,,0.000481,,3.60E-06,,0.000094,0.000015,,0.000136,,0.000017,0.000709,,,0.000981,,,0.000029,0.000113,0.000071,,0.000108,,0.000865,,2.40E+07
Q1 2012,,,0.003829,0.05739,0.004865,0.040846,0.033395,,0.000647,0.010536,0.000856,,0.00736,0.013117,0.035162,0.106364,0.467388,,0.006077,0.01007,0.037807,,0.021272,,0.000095,,,,,0.006516,0.001124,,0.000083,0.017193,0.005763,,,,,,0.000639,,0.000212,,,,0.000795,,,,0.010772,,,0.000149,0.000049,,0.096055,0.000039,,,,,0.000027,0.000016,,0.000505,,2.90E-06,,0.000086,0.000012,,0.000131,,0.000017,0.000666,,,0.000868,,,0.00002,0.000102,0.000088,,0.000149,,0.000844,,2.50E+07
Q2 2012,,,0.004073,0.055318,0.005467,0.038783,0.033641,,0.00068,0.009468,0.000858,,0.007949,0.012899,0.034723,0.106774,0.468896,,0.006231,0.010424,0.038083,,0.02089,,0.000107,,,,,0.00604,0.001158,,0.000086,0.017448,0.005589,,,,,,0.000662,,0.000236,,,,0.000717,,,,0.011905,,,0.000144,0.000048,,0.096847,0.000041,,,,,0.000025,0.000016,,0.00046,,2.90E-06,,0.000092,0.000012,,0.000124,,0.000018,0.000698,,,0.000955,,,0.00002,0.000103,0.000086,,0.000153,,0.00105,,2.70E+07
Q3 2012,,,0.004367,0.054478,0.005072,0.038297,0.031998,,0.000692,0.008877,0.000843,,0.008314,0.013244,0.033951,0.104317,0.48486,,0.006485,0.009796,0.035951,,0.020712,,0.000087,,,,,0.005397,0.000976,,0.000094,0.016659,0.005019,,,,,,0.000651,,0.000241,,,,0.000623,,,,0.01238,,,0.000143,0.00005,,0.09164,0.000036,,,,,0.000026,0.000016,,0.000385,,2.70E-06,,0.00007,0.000012,,0.000119,,0.000018,0.00079,,,0.000838,,,0.000016,0.000089,0.000094,,0.000123,,0.001148,,2.60E+07
Q4 2012,,,0.004536,0.056019,0.005381,0.041058,0.035155,,0.000647,0.010267,0.000805,,0.008169,0.01261,0.035754,0.104489,0.473773,,0.006508,0.010175,0.037553,,0.02098,,0.000086,,,,,0.00583,0.001365,,0.000086,0.017582,0.005312,,,,,,0.00069,,0.000248,,,,0.000674,,,,0.013062,,,0.000131,0.000048,,0.087067,0.000038,,,,,0.000028,0.000016,,0.000362,,2.70E-06,,0.000067,0.000012,,0.000109,,0.000017,0.000977,,,0.000944,,,0.000017,0.000097,0.000096,,0.000111,,0.001045,,2.70E+07
Q1 2013,,,0.0046,0.054136,0.005482,0.042863,0.035582,,0.000617,0.01088,0.000826,,0.008038,0.012524,0.036677,0.103061,0.465552,,0.006345,0.010107,0.03813,,0.021595,,0.00014,,,,,0.006231,0.001477,,0.000107,0.018057,0.005108,,,,,,0.000689,,0.000267,,,,0.000748,,,,0.014398,,,0.00013,0.000047,,0.091291,0.000044,,,,,0.000038,0.000016,,0.000353,,2.70E-06,,0.000069,0.000012,,0.000114,,0.000017,0.001048,,,0.001124,,,0.000021,0.000099,0.000082,,0.00011,,0.001144,,2.90E+07
Q2 2013,,,0.004721,0.049569,0.004945,0.036593,0.033128,,0.000893,0.008596,0.000931,,0.007531,0.010136,0.037229,0.102464,0.488975,,0.005497,0.009642,0.034978,,0.022083,,0.000126,,,,,0.005872,0.001381,,0.000126,0.01702,0.005249,,,,,,0.000675,,0.000298,,,,0.000824,,,,0.016292,,,0.000139,0.000054,,0.089791,0.000045,,,,,0.000057,0.000018,,0.000295,,2.90E-06,,0.000072,0.000011,,0.00012,,0.000017,0.001069,,,0.001059,,,0.00002,0.000088,0.000086,,0.000088,,0.001197,,2.80E+07
Q3 2013,,,0.004422,0.049463,0.004747,0.036843,0.034964,,0.000938,0.008383,0.000961,,0.006854,0.00935,0.036802,0.104221,0.507844,,0.005333,0.009163,0.032756,,0.022517,,0.000133,,,,,0.006046,0.000597,,0.000124,0.015197,0.005199,,,,,,0.000669,,0.000307,,,,0.000777,,,,0.013952,,,0.000152,0.00005,,0.07707,0.000047,,,,,0.000056,0.000016,,0.000237,,3.30E-06,,0.000065,0.00001,,0.000113,,0.000016,0.001107,,,0.00099,,,0.000017,0.000088,0.000082,,0.000087,,0.001231,,3.00E+07
Q4 2013,,,0.004765,0.049043,0.004943,0.039842,0.036467,,0.001023,0.009927,0.00092,,0.006632,0.010127,0.03691,0.105961,0.492922,,0.005086,0.009163,0.035988,,0.022792,,0.000113,,,,,0.006741,0.000817,,0.000122,0.014376,0.005206,,,,,,0.000696,,0.000293,,,,0.000876,,,,0.013283,,,0.000144,0.000049,,0.08068,0.000046,,,,,0.000056,0.000013,,0.000237,,3.00E-06,,0.000063,9.60E-06,,0.000117,,0.000016,0.00102,,,0.00108,,,0.000018,0.000086,0.000078,,0.000079,,0.001174,,3.10E+07
Q1 2014,,,0.004738,0.04754,0.00526,0.039094,0.038465,,0.000851,0.009949,0.000894,,0.006051,0.009071,0.037235,0.108135,0.504602,,0.004708,0.009254,0.033243,,0.023347,,0.000132,,,,,0.006873,0.000628,,0.000144,0.014284,0.005665,,,,,,0.00066,,0.000278,,,,0.000941,,,,0.010757,,,0.000159,0.000047,,0.072584,0.000051,,,,,0.00005,0.000011,,0.000204,,4.60E-06,,0.000062,9.70E-06,,0.000122,,0.000015,0.001087,,,0.001316,,,0.000016,0.000094,0.000077,,0.000071,,0.001222,,3.30E+07
Q2 2014,,,0.004901,0.048602,0.006055,0.040258,0.037544,,0.000971,0.010932,0.000803,,0.006252,0.009632,0.037409,0.103401,0.501392,,0.004807,0.009091,0.034621,,0.022525,,0.000211,,,,,0.006522,0.000698,,0.000143,0.015752,0.005688,,,,,,0.000848,,0.000261,,,,0.001038,,,,0.011692,,,0.000179,0.00005,,0.073497,0.000053,,,,,0.000038,0.000013,,0.000197,,3.60E-06,,0.000017,9.70E-06,,0.000125,,0.000021,0.00093,,,0.001219,,,0.000015,0.000095,0.000116,,0.000055,,0.001318,,3.30E+07
Q3 2014,,,0.004735,0.050911,0.006133,0.037456,0.036083,,0.000908,0.009936,0.000837,,0.006098,0.009873,0.03573,0.102504,0.509625,,0.004798,0.009218,0.034043,,0.021115,,0.000198,,,,,0.006467,0.000889,,0.000145,0.01781,0.005605,,,,,,0.00081,,0.000268,,,,0.00077,,,,0.012448,,,0.000188,0.000051,,0.070055,0.000049,,,,,0.000032,0.000013,,0.000221,,3.40E-06,,0.000016,8.60E-06,,0.00012,,0.00002,0.001075,,,0.001117,,,0.000013,0.00009,0.000114,,0.000055,,0.001347,,3.40E+07
Q4 2014,,,0.004636,0.048062,0.006079,0.034848,0.033205,,0.000926,0.00929,0.000781,,0.006021,0.009463,0.034722,0.096206,0.5129,,0.004701,0.008215,0.03258,,0.019828,,0.000254,,,,,0.00612,0.000713,,0.000149,0.018762,0.005483,,,,,,0.000759,,0.000227,,,,0.000621,,,,0.013154,,,0.000192,0.000055,,0.08682,0.000052,,,,,0.000034,0.000013,,0.000226,,3.10E-06,,0.000015,9.60E-06,,0.000124,,0.000022,0.000964,,,0.0011,,,0.000014,0.000094,0.000117,,0.000045,,0.001396,,3.30E+07
Q1 2015,,,0.004669,0.042854,0.005828,0.032783,0.032726,,0.000955,0.008262,0.000771,,0.005608,0.009008,0.034683,0.08947,0.513316,,0.003954,0.006789,0.031503,,0.018897,,0.000216,,,,,0.005767,0.00038,,0.000152,0.019592,0.005147,,,,,,0.000761,,0.000223,,,,0.000531,,,,0.012559,,,0.000171,0.000046,,0.108902,0.000047,,,,,0.000032,0.000012,,0.000153,,2.80E-06,,0.000013,8.10E-06,,0.000107,,0.000021,0.000611,,,0.000941,,,0.00001,0.000085,0.000112,,0.000033,,0.00129,,3.50E+07
Q2 2015,,,0.004597,0.041759,0.006037,0.033226,0.031875,,0.00094,0.008307,0.00081,,0.005422,0.009129,0.033337,0.086955,0.486535,,0.003817,0.006696,0.032603,,0.01858,,0.00019,,,,,0.005514,0.000291,,0.000147,0.018377,0.005513,,,,,,0.000752,,0.000197,,,,0.000518,,,,0.011977,,,0.000152,0.000044,,0.142357,0.000046,,,,,0.000026,0.000011,,0.000153,,2.90E-06,,0.000012,6.70E-06,,0.000087,,0.00002,0.000648,,,0.000923,,,0.00001,0.000086,0.000087,,0.000034,,0.001193,,3.80E+07
Q3 2015,,,0.004806,0.037706,0.006239,0.032982,0.031544,,0.000968,0.00875,0.000814,,0.005128,0.00869,0.033705,0.089563,0.497459,,0.003485,0.006303,0.029902,,0.018437,,0.000202,,,,,0.005387,0.000368,,0.000168,0.018377,0.00542,,,,,,0.000647,,0.000175,,,,0.000511,,,,0.010823,,,0.000148,0.00005,,0.137775,0.000051,,,,,0.000029,9.90E-06,,0.000142,,2.90E-06,,0.000012,6.30E-06,,0.000091,,0.00002,0.000569,,,0.000987,,,9.10E-06,0.000079,0.000087,,0.000033,,0.001337,,3.80E+07
Q4 2015,,,0.004748,0.037535,0.006598,0.03393,0.031251,,0.001118,0.009399,0.000808,,0.004882,0.008705,0.033558,0.089414,0.507102,,0.003352,0.006378,0.032173,,0.018726,,0.000215,,,,,0.005552,0.000351,,0.000225,0.018666,0.005304,,,,,,0.000733,,0.000164,,,,0.000523,,,,0.010754,,,0.000156,0.000051,,0.12405,0.000062,,,,,0.000022,1.00E-05,,0.000105,,4.20E-06,,0.000013,7.20E-06,,0.000093,,0.000022,0.000593,,,0.001034,,,8.60E-06,0.000079,0.000093,,0.000038,,0.001396,,3.50E+07
Q1 2016,,,0.005304,0.032833,0.007024,0.033307,0.032122,,0.001159,0.008356,0.000847,,0.004606,0.006754,0.034034,0.085095,0.520987,,0.003446,0.005783,0.031353,,0.01929,,0.000237,,,,,0.006343,0.000394,,0.00024,0.018054,0.006463,,,,,,0.000803,,0.000169,,,,0.000488,,,,0.010515,,,0.000156,0.00005,,0.120398,0.000063,,,,,0.000025,0.000011,,0.000083,,2.70E-06,,0.000014,8.30E-06,,0.0001,,0.00002,0.000457,,,0.000983,,,7.90E-06,0.000085,0.000101,,0.000031,,0.001398,,3.20E+07
Q2 2016,,,0.005253,0.039353,0.006928,0.033634,0.032327,,0.001077,0.007881,0.000797,,0.005075,0.008442,0.032218,0.084181,0.521507,,0.003658,0.006184,0.031903,,0.019831,,0.000199,,,,,0.006099,0.000382,,0.00024,0.017892,0.005852,,,,,,0.000946,,0.000191,,,,0.000479,,,,0.010997,,,0.000143,0.000054,,0.112947,0.000067,,,,,0.000024,0.000011,,0.000095,,2.70E-06,,0.000015,7.60E-06,,0.000097,,0.000022,0.000447,,,0.000964,,,8.00E-06,0.000077,0.000083,,0.000037,,0.001373,,3.50E+07
Q3 2016,,,0.004959,0.04082,0.006716,0.031107,0.029856,,0.000748,0.007038,0.000794,,0.004879,0.00868,0.031567,0.080158,0.533316,,0.003477,0.006215,0.032185,,0.018513,,0.000212,,,,,0.006022,0.000358,,0.000229,0.019217,0.005487,,,,,,0.000985,,0.000185,,,,0.000431,,,,0.011646,,,0.000149,0.000053,,0.110579,0.000058,,,,,0.000023,0.000012,,0.000102,,2.50E-06,,0.000014,7.50E-06,,0.000093,,0.000023,0.00036,,,0.000904,,,8.10E-06,0.000074,0.000085,,0.000039,,0.001616,,3.50E+07
Q4 2016,,,0.004936,0.042198,0.006248,0.032591,0.031782,,0.000668,0.007077,0.000831,,0.004569,0.008669,0.031297,0.076696,0.525992,,0.003316,0.006643,0.032802,,0.01881,,0.000216,,,,,0.006223,0.000374,,0.000239,0.02049,0.005238,,,,,,0.00096,,0.000211,,,,0.00044,,,,0.011711,,,0.000151,0.000052,,0.115038,0.000055,,,,,0.000024,0.000013,,0.000128,,2.50E-06,,0.000015,8.30E-06,,0.000096,,0.000024,0.000318,,,0.000981,,,7.40E-06,0.000076,0.000086,,0.000047,,0.001651,,3.50E+07
Q1 2017,,,0.004244,0.041647,0.005656,0.032973,0.032251,,0.000659,0.00767,0.000816,,0.004589,0.008553,0.030277,0.076256,0.533504,,0.003036,0.006824,0.031148,,0.01851,,0.000238,,,,,0.006052,0.000391,,0.000235,0.01883,0.004923,,,,,,0.000927,,0.000211,,,,0.000421,,,,0.011862,,,0.000171,0.000048,,0.113542,0.000053,,,,,0.000021,0.000012,,0.000149,,2.40E-06,,0.000015,8.60E-06,,0.000093,,0.000024,0.000316,,,0.000965,,,7.40E-06,0.000073,0.000084,,0.00005,,0.001661,,3.70E+07
Q2 2017,,,0.004272,0.040996,0.005735,0.033271,0.032618,,0.000815,0.00801,0.000794,,0.004651,0.008634,0.030684,0.076652,0.528099,,0.003083,0.006299,0.031993,,0.018805,,0.000241,,,,,0.005999,0.0004,,0.000243,0.02117,0.005039,,,,,,0.000855,,0.000218,,,,0.000405,,,,0.011841,,,0.000217,0.000043,,0.114359,0.000054,,,,,0.000022,0.000012,,0.000129,,2.90E-06,,0.000014,7.90E-06,,0.000098,,0.000022,0.00029,,,0.001001,,,7.60E-06,0.000072,0.000087,,0.000052,,0.001688,,3.80E+07
Q3 2017,,,0.00418,0.040562,0.006215,0.034814,0.033268,,0.000866,0.008839,0.000787,,0.004724,0.008666,0.03004,0.075981,0.5225,,0.003031,0.006607,0.034787,,0.019875,,0.000238,,,,,0.006512,0.000474,,0.000243,0.021582,0.004992,,,,,,0.000906,,0.000219,,,,0.000425,,,,0.01142,,,0.000197,0.000041,,0.113307,0.000049,,,,,0.000023,0.000012,,0.000143,,3.80E-06,,0.000015,8.70E-06,,0.000107,,0.000021,0.000379,,,0.000998,,,7.50E-06,0.000069,0.000081,,0.000054,,0.001729,,4.10E+07
Q4 2017,,,0.004333,0.041134,0.006337,0.035855,0.034202,,0.000876,0.009228,0.000816,,0.004537,0.008465,0.029077,0.075589,0.518093,,0.002935,0.006959,0.033531,,0.019747,,0.000237,,,,,0.006451,0.000408,,0.000224,0.0213,0.004644,,,,,,0.000821,,0.000214,,,,0.000442,,,,0.011869,,,0.00019,0.000038,,0.117281,0.000044,,,,,0.000023,0.000011,,0.00015,,3.70E-06,,0.000016,7.80E-06,,0.000102,,0.00002,0.000353,,,0.001009,,,7.00E-06,0.000067,0.000077,,0.000062,,0.002218,,4.20E+07
Q1 2018,,,0.003987,0.039426,0.006068,0.035109,0.034016,,0.000868,0.009438,0.00083,,0.004547,0.009248,0.02767,0.074728,0.521255,,0.003007,0.006983,0.033396,,0.018331,,0.000223,,,,,0.006167,0.000468,,0.000178,0.021913,0.004633,,,,,,0.000782,,0.000209,,,,0.00044,,,,0.012458,,,0.000169,0.000036,,0.118608,0.000041,,,,,0.000026,0.000012,,0.000164,,2.20E-06,,0.000015,9.20E-06,,0.000099,,0.00002,0.000423,,,0.001015,,,6.80E-06,0.000064,0.00007,,0.000065,,0.002777,,4.60E+07
Q2 2018,,,0.003947,0.038446,0.005778,0.036436,0.033977,,0.000871,0.01001,0.00082,,0.004895,0.009313,0.026747,0.076237,0.519951,,0.00329,0.007591,0.035429,,0.017787,,0.000232,,,,,0.006437,0.000494,,0.00019,0.021799,0.003929,,,,,,0.000732,,0.00026,,,,0.000431,,,,0.013072,,,0.000158,0.00004,,0.115452,0.000047,,,,,0.000038,0.000012,,0.000124,,2.10E-06,,0.000018,0.00001,,0.000141,,0.000022,0.000331,,,0.00111,,,6.20E-06,0.00007,0.000079,,0.000065,,0.003175,,4.40E+07
Q3 2018,,,0.003798,0.039915,0.005583,0.03563,0.032773,,0.000875,0.008734,0.000798,,0.004215,0.008351,0.026879,0.074286,0.548698,,0.002995,0.00746,0.031107,,0.017496,,0.000203,,,,,0.006482,0.000465,,0.000208,0.020996,0.004064,,,,,,0.000775,,0.000245,,,,0.000419,,,,0.01149,,,0.00017,0.000037,,0.099961,0.00004,,,,,0.000029,0.000011,,0.000101,,1.80E-06,,0.000016,0.00001,,0.000133,,0.000019,0.000294,,,0.00092,,,5.80E-06,0.000074,0.000082,,0.000055,,0.003097,,4.30E+07
Q4 2018,,,0.003499,0.039563,0.005517,0.034684,0.031289,,0.000857,0.008008,0.000822,,0.004122,0.007369,0.027583,0.070908,0.561573,,0.003067,0.007976,0.030669,,0.017246,,0.000216,,,,,0.006954,0.00039,,0.000193,0.019498,0.004242,,,,,,0.000872,,0.000228,,,,0.000387,,,,0.012505,,,0.000174,0.000035,,0.094322,0.000035,,,,,0.000029,0.00001,,0.000067,,1.70E-06,,0.000016,0.000012,,0.000131,,0.000018,0.000283,,,0.001015,,,5.90E-06,0.000068,0.000085,,0.000061,,0.003395,,4.20E+07
Q1 2019,,,0.00331,0.039967,0.005714,0.033929,0.029501,,0.000854,0.008171,0.000806,,0.004482,0.008528,0.028608,0.069353,0.552623,,0.003165,0.007384,0.03078,,0.017305,,0.000234,,,,,0.007141,0.000334,,0.000185,0.02191,0.004299,,,,,,0.000956,,0.000241,,,,0.000373,,,,0.012577,,,0.000173,0.000035,,0.102016,0.000033,,,,,0.000025,0.000013,,0.000069,,1.80E-06,,0.000015,0.000012,,0.000125,,0.00002,0.000262,,,0.000866,,,5.20E-06,0.000072,0.000089,,0.000058,,0.003378,,4.10E+07
Q2 2019,,,0.00341,0.0391,0.005538,0.03467,0.028631,,0.000836,0.008258,0.000736,,0.004519,0.008249,0.027333,0.067833,0.543656,,0.002752,0.007145,0.028999,,0.016745,,0.000205,,,,,0.006532,0.000377,,0.000188,0.021986,0.004181,,,,,,0.000935,,0.000217,,,,0.000343,,,,0.012078,,,0.000182,0.000028,,0.119336,0.000036,,,,,0.000021,0.000012,,0.000073,,1.40E-06,,0.000014,0.000011,,0.00011,,0.000019,0.000266,,,0.00091,,,4.70E-06,0.000067,0.000094,,0.000063,,0.003301,,4.50E+07
Q3 2019,,,0.003281,0.039904,0.005459,0.034715,0.02787,,0.000815,0.008148,0.000748,,0.00461,0.00812,0.029544,0.065833,0.558882,,0.002867,0.006659,0.026882,,0.01658,,0.0002,,,,,0.006222,0.000393,,0.00021,0.021627,0.004261,,,,,,0.001044,,0.000237,,,,0.000335,,,,0.013086,,,0.000198,0.000028,,0.105995,0.000032,,,,,0.00002,0.000012,,0.000057,,1.70E-06,,0.000015,0.000011,,0.00011,,0.000018,0.000228,,,0.000909,,,4.50E-06,0.000085,0.000097,,0.000049,,0.003596,,4.40E+07
Q4 2019,,,0.003488,0.039746,0.00557,0.035157,0.028649,,0.00078,0.008433,0.00077,,0.004351,0.006662,0.029244,0.065725,0.56176,,0.002678,0.006378,0.026431,,0.016845,,0.000186,,,,,0.006257,0.000388,,0.000192,0.021631,0.004508,,,,,,0.000999,,0.00024,,,,0.000318,,,,0.012823,,,0.000192,0.000026,,0.104321,0.000033,,,,,0.000018,0.000011,,0.000049,,1.50E-06,,0.000015,0.000014,,0.000108,,0.000017,0.000252,,,0.000903,,,4.30E-06,0.000086,0.000096,,0.000034,,0.003609,,4.40E+07
Q1 2020,,,0.0031,0.038982,0.005839,0.034392,0.027633,,0.000771,0.008241,0.000735,,0.004267,0.006377,0.029315,0.064471,0.567514,,0.002556,0.006307,0.026894,,0.017195,,0.000145,,,,,0.006132,0.000396,,0.000212,0.021099,0.004429,,,,,,0.001008,,0.00022,,,,0.000307,,,,0.011486,,,0.000195,0.000024,,0.104827,0.000032,,,,,0.000016,0.000011,,0.000055,,1.60E-06,,0.000014,0.000015,,0.000105,,0.000015,0.000275,,,0.000872,,,4.30E-06,0.000086,0.000083,,0.000034,,0.003312,,4.90E+07
Q2 2020,,,0.002696,0.035417,0.006573,0.029982,0.025811,,0.000694,0.006829,0.000739,,0.003826,0.004653,0.031416,0.055492,0.587086,,0.00248,0.004993,0.026048,,0.015977,,0.000165,,,,,0.00567,0.000302,,0.00019,0.017757,0.004056,,,,,,0.001061,,0.000197,,,,0.000247,,,,0.010081,,,0.000169,0.000025,,0.114769,0.000034,,,,,0.000017,8.60E-06,,0.000048,,1.70E-06,,0.000014,0.000015,,0.000088,,0.000013,0.000215,,,0.000685,,,4.00E-06,0.000088,0.000088,,0.000032,,0.003248,,4.10E+07
Q3 2020,,,0.003,0.035987,0.00691,0.031316,0.028582,,0.000753,0.007409,0.000705,,0.003574,0.005324,0.030452,0.053554,0.576236,,0.00253,0.0055,0.026722,,0.018574,,0.000148,,,,,0.00619,0.0003,,0.00018,0.018782,0.003906,,,,,,0.001085,,0.000158,,,,0.000244,,,,0.010035,,,0.000151,0.000025,,0.116991,0.000034,,,,,0.000016,8.60E-06,,0.000119,,1.70E-06,,0.000012,0.000014,,0.000085,,0.00001,0.000191,,,0.000713,,,3.70E-06,0.000087,0.000089,,0.000033,,0.00326,,4.60E+07
Q4 2020,,,0.002798,0.035541,0.007283,0.029598,0.028113,,0.000737,0.006608,0.000699,,0.003516,0.005009,0.028957,0.050077,0.578611,,0.002331,0.00531,0.02865,,0.019252,,0.000169,,,,,0.006631,0.000282,,0.000188,0.020043,0.003874,,,,,,0.001064,,0.000151,,,,0.000224,,,,0.008578,,,0.000166,0.000023,,0.120823,0.000032,,,,,0.000015,8.30E-06,,0.000109,,1.70E-06,,0.000012,0.000014,,0.000071,,9.90E-06,0.000233,,,0.000648,,,3.60E-06,0.000078,0.000082,,0.00003,,0.003347,,4.90E+07
Q1 2021,,,0.002901,0.035458,0.007022,0.029794,0.027021,,0.000651,0.007093,0.000701,,0.003668,0.005473,0.027405,0.054235,0.568585,,0.002244,0.005916,0.034294,,0.019178,,0.000182,,,,,0.00642,0.000329,,0.000219,0.021707,0.00391,,,,,,0.001006,,0.000143,,,,0.000238,,,,0.010001,,,0.000139,0.000021,,0.119044,0.00003,,,,,0.000014,9.30E-06,,0.000124,,1.50E-06,,0.000013,0.000015,,0.000071,,9.50E-06,0.000241,,,0.00072,,,3.60E-06,0.000079,0.000073,,0.000044,,0.003556,,5.60E+07
